date,equity
2011-01-03,10000000.0
2011-01-04,10000000.0
2011-01-05,10000000.0
2011-01-06,10000000.0
2011-01-07,10000000.0
2011-01-10,10000000.0
2011-01-11,10000000.0
2011-01-12,10000000.0
2011-01-13,10000000.0
2011-01-14,10000000.0
2011-01-17,10000000.0
2011-01-18,10000000.0
2011-01-19,10000000.0
2011-01-20,10000000.0
2011-01-21,10000000.0
2011-01-24,10000000.0
2011-01-25,10000000.0
2011-01-26,10000000.0
2011-01-27,10000000.0
2011-01-28,10000000.0
2011-01-31,10000000.0
2011-02-01,10000000.0
2011-02-02,10000000.0
2011-02-03,10000000.0
2011-02-04,10000000.0
2011-02-07,10000000.0
2011-02-08,10000000.0
2011-02-09,10000000.0
2011-02-10,10000000.0
2011-02-11,10000000.0
2011-02-14,10000000.0
2011-02-15,10000000.0
2011-02-16,10000000.0
2011-02-17,10000000.0
2011-02-18,10000000.0
2011-02-21,10000000.0
2011-02-22,10000000.0
2011-02-23,10000000.0
2011-02-24,10000000.0
2011-02-25,10000000.0
2011-02-28,10000000.0
2011-03-01,10000000.0
2011-03-02,10000000.0
2011-03-03,10000000.0
2011-03-04,10000000.0
2011-03-07,10000000.0
2011-03-08,10000000.0
2011-03-09,10000000.0
2011-03-10,10000000.0
2011-03-11,10000000.0
2011-03-14,10000000.0
2011-03-15,10000000.0
2011-03-16,10000000.0
2011-03-17,10000000.0
2011-03-18,10000000.0
2011-03-21,10000000.0
2011-03-22,10000000.0
2011-03-23,10000000.0
2011-03-24,10000000.0
2011-03-25,10000000.0
2011-03-28,10000000.0
2011-03-29,10000000.0
2011-03-30,10000000.0
2011-03-31,10000000.0
2011-04-01,10000000.0
2011-04-04,10000000.0
2011-04-05,10000000.0
2011-04-06,10000000.0
2011-04-07,10000000.0
2011-04-08,10000000.0
2011-04-11,10000000.0
2011-04-12,10000000.0
2011-04-13,10000000.0
2011-04-14,10000000.0
2011-04-15,10000000.0
2011-04-18,10000000.0
2011-04-19,10000000.0
2011-04-20,10000000.0
2011-04-21,10000000.0
2011-04-25,10000000.0
2011-04-26,10000000.0
2011-04-27,10000000.0
2011-04-28,10000000.0
2011-04-29,10000000.0
2011-05-02,10000000.0
2011-05-03,10000000.0
2011-05-04,10000000.0
2011-05-05,10000000.0
2011-05-06,10000000.0
2011-05-09,10000000.0
2011-05-10,10000000.0
2011-05-11,10000000.0
2011-05-12,10000000.0
2011-05-13,10000000.0
2011-05-16,10000000.0
2011-05-17,10000000.0
2011-05-18,10000000.0
2011-05-19,10000000.0
2011-05-20,10000000.0
2011-05-23,10000000.0
2011-05-24,10000000.0
2011-05-25,10000000.0
2011-05-26,10000000.0
2011-05-27,10000000.0
2011-05-30,10000000.0
2011-05-31,10000000.0
2011-06-01,10000000.0
2011-06-02,10000000.0
2011-06-03,10000000.0
2011-06-06,10000000.0
2011-06-07,10000000.0
2011-06-08,10000000.0
2011-06-09,10000000.0
2011-06-10,10000000.0
2011-06-13,10000000.0
2011-06-14,10000000.0
2011-06-15,10000000.0
2011-06-16,10000000.0
2011-06-17,10000000.0
2011-06-20,10000000.0
2011-06-21,10000000.0
2011-06-22,10000000.0
2011-06-23,10000000.0
2011-06-24,10000000.0
2011-06-27,10000000.0
2011-06-28,10000000.0
2011-06-29,10000000.0
2011-06-30,10000000.0
2011-07-01,10000000.0
2011-07-04,10000000.0
2011-07-05,10000000.0
2011-07-06,10000000.0
2011-07-07,10000000.0
2011-07-08,10000000.0
2011-07-11,10000000.0
2011-07-12,10000000.0
2011-07-13,10000000.0
2011-07-14,10000000.0
2011-07-15,10000000.0
2011-07-18,10000000.0
2011-07-19,10000000.0
2011-07-20,10000000.0
2011-07-21,10000000.0
2011-07-22,10000000.0
2011-07-25,10000000.0
2011-07-26,10000000.0
2011-07-27,10000000.0
2011-07-28,10000000.0
2011-07-29,10000000.0
2011-08-01,10000000.0
2011-08-02,10000000.0
2011-08-03,10000000.0
2011-08-04,10000000.0
2011-08-05,10000000.0
2011-08-08,10000000.0
2011-08-09,10000000.0
2011-08-10,10000000.0
2011-08-11,10000000.0
2011-08-12,10000000.0
2011-08-15,10000000.0
2011-08-16,10000000.0
2011-08-17,10000000.0
2011-08-18,10000000.0
2011-08-19,10000000.0
2011-08-22,10000000.0
2011-08-23,10000000.0
2011-08-24,10000000.0
2011-08-25,10000000.0
2011-08-26,10000000.0
2011-08-29,10000000.0
2011-08-30,10000000.0
2011-08-31,10000000.0
2011-09-01,10000000.0
2011-09-02,10000000.0
2011-09-05,10000000.0
2011-09-06,10000000.0
2011-09-07,10000000.0
2011-09-08,10000000.0
2011-09-09,10000000.0
2011-09-12,10000000.0
2011-09-13,10000000.0
2011-09-14,10000000.0
2011-09-15,10000000.0
2011-09-16,10000000.0
2011-09-19,10000000.0
2011-09-20,10000000.0
2011-09-21,10000000.0
2011-09-22,10000000.0
2011-09-23,10000000.0
2011-09-26,10000000.0
2011-09-27,10000000.0
2011-09-28,10000000.0
2011-09-29,10000000.0
2011-09-30,10000000.0
2011-10-03,10000000.0
2011-10-04,10000000.0
2011-10-05,10000000.0
2011-10-06,10000000.0
2011-10-07,10000000.0
2011-10-10,10000000.0
2011-10-11,10000000.0
2011-10-12,10000000.0
2011-10-13,10000000.0
2011-10-14,10000000.0
2011-10-17,10000000.0
2011-10-18,10000000.0
2011-10-19,10000000.0
2011-10-20,10000000.0
2011-10-21,10000000.0
2011-10-24,10000000.0
2011-10-25,10000000.0
2011-10-26,10000000.0
2011-10-27,10000000.0
2011-10-28,10000000.0
2011-10-31,10000000.0
2011-11-01,10000000.0
2011-11-02,10000000.0
2011-11-03,10000000.0
2011-11-04,10000000.0
2011-11-07,10000000.0
2011-11-08,10000000.0
2011-11-09,10000000.0
2011-11-10,10000000.0
2011-11-11,10000000.0
2011-11-14,10000000.0
2011-11-15,10000000.0
2011-11-16,10000000.0
2011-11-17,10000000.0
2011-11-18,10000000.0
2011-11-21,10000000.0
2011-11-22,10000000.0
2011-11-23,10000000.0
2011-11-24,10000000.0
2011-11-25,10000000.0
2011-11-28,10000000.0
2011-11-29,10000000.0
2011-11-30,10000000.0
2011-12-01,10000000.0
2011-12-02,10000000.0
2011-12-05,10000000.0
2011-12-06,10000000.0
2011-12-07,10000000.0
2011-12-08,10000000.0
2011-12-09,10000000.0
2011-12-12,10000000.0
2011-12-13,10000000.0
2011-12-14,10000000.0
2011-12-15,10000000.0
2011-12-16,10000000.0
2011-12-19,10000000.0
2011-12-20,10000000.0
2011-12-21,10000000.0
2011-12-22,10000000.0
2011-12-23,10000000.0
2011-12-26,10000000.0
2011-12-27,10000000.0
2011-12-28,10000000.0
2011-12-29,10000000.0
2011-12-30,10000000.0
2012-01-02,10000000.0
2012-01-03,10000000.0
2012-01-04,10000000.0
2012-01-05,10000000.0
2012-01-06,10000000.0
2012-01-09,10000000.0
2012-01-10,10000000.0
2012-01-11,10000000.0
2012-01-12,10000000.0
2012-01-13,10000000.0
2012-01-16,10000000.0
2012-01-17,10000000.0
2012-01-18,10000000.0
2012-01-19,10000000.0
2012-01-20,10000000.0
2012-01-23,10000000.0
2012-01-24,10000000.0
2012-01-25,10000000.0
2012-01-26,10000000.0
2012-01-27,10000000.0
2012-01-30,10000000.0
2012-01-31,10000000.0
2012-02-01,10000000.0
2012-02-02,10000000.0
2012-02-03,10000000.0
2012-02-06,10000000.0
2012-02-07,10000000.0
2012-02-08,10000000.0
2012-02-09,10000000.0
2012-02-10,10000000.0
2012-02-13,10000000.0
2012-02-14,10000000.0
2012-02-15,10000000.0
2012-02-16,10000000.0
2012-02-17,10000000.0
2012-02-20,10000000.0
2012-02-21,10000000.0
2012-02-22,10000000.0
2012-02-23,10000000.0
2012-02-24,10000000.0
2012-02-27,10000000.0
2012-02-28,10000000.0
2012-02-29,10000000.0
2012-03-01,10000000.0
2012-03-02,10000000.0
2012-03-05,10000000.0
2012-03-06,10000000.0
2012-03-07,10000000.0
2012-03-08,10000000.0
2012-03-09,10000000.0
2012-03-12,10000000.0
2012-03-13,10000000.0
2012-03-14,10000000.0
2012-03-15,10000000.0
2012-03-16,10000000.0
2012-03-19,10000000.0
2012-03-20,10000000.0
2012-03-21,10000000.0
2012-03-22,10000000.0
2012-03-23,10000000.0
2012-03-26,10000000.0
2012-03-27,10000000.0
2012-03-28,10000000.0
2012-03-29,10000000.0
2012-03-30,10000000.0
2012-04-02,10000000.0
2012-04-03,10000000.0
2012-04-04,10000000.0
2012-04-05,10000000.0
2012-04-09,10000000.0
2012-04-10,10000000.0
2012-04-11,10000000.0
2012-04-12,10000000.0
2012-04-13,10000000.0
2012-04-16,10000000.0
2012-04-17,10000000.0
2012-04-18,10000000.0
2012-04-19,10000000.0
2012-04-20,10000000.0
2012-04-23,10000000.0
2012-04-24,10000000.0
2012-04-25,10000000.0
2012-04-26,10000000.0
2012-04-27,10000000.0
2012-04-30,10000000.0
2012-05-01,10000000.0
2012-05-02,10000000.0
2012-05-03,10000000.0
2012-05-04,10000000.0
2012-05-07,10000000.0
2012-05-08,10000000.0
2012-05-09,10000000.0
2012-05-10,10000000.0
2012-05-11,10000000.0
2012-05-14,10000000.0
2012-05-15,10000000.0
2012-05-16,10000000.0
2012-05-17,10000000.0
2012-05-18,10000000.0
2012-05-21,10000000.0
2012-05-22,10000000.0
2012-05-23,10000000.0
2012-05-24,10000000.0
2012-05-25,10000000.0
2012-05-28,10000000.0
2012-05-29,10000000.0
2012-05-30,10000000.0
2012-05-31,10000000.0
2012-06-01,10000000.0
2012-06-04,10000000.0
2012-06-05,10000000.0
2012-06-06,10000000.0
2012-06-07,10000000.0
2012-06-08,10000000.0
2012-06-11,10000000.0
2012-06-12,10000000.0
2012-06-13,10000000.0
2012-06-14,10000000.0
2012-06-15,10000000.0
2012-06-18,10000000.0
2012-06-19,10000000.0
2012-06-20,10000000.0
2012-06-21,10000000.0
2012-06-22,10000000.0
2012-06-25,10000000.0
2012-06-26,10000000.0
2012-06-27,10000000.0
2012-06-28,10000000.0
2012-06-29,10000000.0
2012-07-02,10000000.0
2012-07-03,10000000.0
2012-07-04,10000000.0
2012-07-05,10000000.0
2012-07-06,10000000.0
2012-07-09,10000000.0
2012-07-10,10000000.0
2012-07-11,10000000.0
2012-07-12,10000000.0
2012-07-13,10000000.0
2012-07-16,10000000.0
2012-07-17,10000000.0
2012-07-18,10000000.0
2012-07-19,10000000.0
2012-07-20,10000000.0
2012-07-23,10000000.0
2012-07-24,10000000.0
2012-07-25,10000000.0
2012-07-26,10000000.0
2012-07-27,10000000.0
2012-07-30,10000000.0
2012-07-31,10000000.0
2012-08-01,10000000.0
2012-08-02,10000000.0
2012-08-03,10000000.0
2012-08-06,10000000.0
2012-08-07,10000000.0
2012-08-08,10000000.0
2012-08-09,10000000.0
2012-08-10,10000000.0
2012-08-13,10000000.0
2012-08-14,10000000.0
2012-08-15,10000000.0
2012-08-16,10000000.0
2012-08-17,10000000.0
2012-08-20,10000000.0
2012-08-21,10000000.0
2012-08-22,10000000.0
2012-08-23,10000000.0
2012-08-24,10000000.0
2012-08-27,10000000.0
2012-08-28,10000000.0
2012-08-29,10000000.0
2012-08-30,10000000.0
2012-08-31,10000000.0
2012-09-03,10000000.0
2012-09-04,10000000.0
2012-09-05,10000000.0
2012-09-06,10000000.0
2012-09-07,10000000.0
2012-09-10,10000000.0
2012-09-11,10000000.0
2012-09-12,10000000.0
2012-09-13,10000000.0
2012-09-14,10000000.0
2012-09-17,10000000.0
2012-09-18,10000000.0
2012-09-19,10000000.0
2012-09-20,10000000.0
2012-09-21,10000000.0
2012-09-24,10000000.0
2012-09-25,10000000.0
2012-09-26,10000000.0
2012-09-27,10000000.0
2012-09-28,10000000.0
2012-10-01,10000000.0
2012-10-02,10000000.0
2012-10-03,10000000.0
2012-10-04,10000000.0
2012-10-05,10000000.0
2012-10-08,10000000.0
2012-10-09,10000000.0
2012-10-10,10000000.0
2012-10-11,10000000.0
2012-10-12,10000000.0
2012-10-15,10000000.0
2012-10-16,10000000.0
2012-10-17,10000000.0
2012-10-18,10000000.0
2012-10-19,10000000.0
2012-10-22,10000000.0
2012-10-23,10000000.0
2012-10-24,10000000.0
2012-10-25,10000000.0
2012-10-26,10000000.0
2012-10-29,10000000.0
2012-10-30,10000000.0
2012-10-31,10000000.0
2012-11-01,10000000.0
2012-11-02,10000000.0
2012-11-05,10000000.0
2012-11-06,10000000.0
2012-11-07,10000000.0
2012-11-08,10000000.0
2012-11-09,10000000.0
2012-11-12,10000000.0
2012-11-13,10000000.0
2012-11-14,10000000.0
2012-11-15,10000000.0
2012-11-16,10000000.0
2012-11-19,10000000.0
2012-11-20,10000000.0
2012-11-21,10000000.0
2012-11-22,10000000.0
2012-11-23,10000000.0
2012-11-26,10000000.0
2012-11-27,10000000.0
2012-11-28,10000000.0
2012-11-29,10000000.0
2012-11-30,10000000.0
2012-12-03,10000000.0
2012-12-04,10000000.0
2012-12-05,10000000.0
2012-12-06,10000000.0
2012-12-07,10000000.0
2012-12-10,10000000.0
2012-12-11,10000000.0
2012-12-12,10000000.0
2012-12-13,10000000.0
2012-12-14,10000000.0
2012-12-17,10000000.0
2012-12-18,10000000.0
2012-12-19,10000000.0
2012-12-20,10000000.0
2012-12-21,10000000.0
2012-12-24,10000000.0
2012-12-26,10000000.0
2012-12-27,10000000.0
2012-12-28,10000000.0
2012-12-31,10000000.0
2013-01-01,10000000.0
2013-01-02,10000000.0
2013-01-03,10000000.0
2013-01-04,10000000.0
2013-01-07,10000000.0
2013-01-08,10000000.0
2013-01-09,10000000.0
2013-01-10,10000000.0
2013-01-11,10000000.0
2013-01-14,10000000.0
2013-01-15,10000000.0
2013-01-16,10000000.0
2013-01-17,10000000.0
2013-01-18,10000000.0
2013-01-21,10000000.0
2013-01-22,10000000.0
2013-01-23,10000000.0
2013-01-24,10000000.0
2013-01-25,10000000.0
2013-01-28,10000000.0
2013-01-29,10000000.0
2013-01-30,10000000.0
2013-01-31,10000000.0
2013-02-01,10000000.0
2013-02-04,10000000.0
2013-02-05,10000000.0
2013-02-06,10000000.0
2013-02-07,10000000.0
2013-02-08,10000000.0
2013-02-11,10000000.0
2013-02-12,10000000.0
2013-02-13,10000000.0
2013-02-14,10000000.0
2013-02-15,10000000.0
2013-02-18,10000000.0
2013-02-19,10000000.0
2013-02-20,10000000.0
2013-02-21,10000000.0
2013-02-22,10000000.0
2013-02-25,10000000.0
2013-02-26,10000000.0
2013-02-27,10000000.0
2013-02-28,10000000.0
2013-03-01,10000000.0
2013-03-04,10000000.0
2013-03-05,10000000.0
2013-03-06,10000000.0
2013-03-07,10000000.0
2013-03-08,10000000.0
2013-03-11,10000000.0
2013-03-12,10000000.0
2013-03-13,10000000.0
2013-03-14,10000000.0
2013-03-15,10000000.0
2013-03-18,10000000.0
2013-03-19,10000000.0
2013-03-20,10000000.0
2013-03-21,10000000.0
2013-03-22,10000000.0
2013-03-25,10000000.0
2013-03-26,10000000.0
2013-03-27,10000000.0
2013-03-28,10000000.0
2013-04-01,10000000.0
2013-04-02,10000000.0
2013-04-03,10000000.0
2013-04-04,10000000.0
2013-04-05,10000000.0
2013-04-08,10000000.0
2013-04-09,10000000.0
2013-04-10,10000000.0
2013-04-11,10000000.0
2013-04-12,10000000.0
2013-04-15,10000000.0
2013-04-16,10000000.0
2013-04-17,10000000.0
2013-04-18,10000000.0
2013-04-19,10000000.0
2013-04-22,10000000.0
2013-04-23,10000000.0
2013-04-24,10000000.0
2013-04-25,10000000.0
2013-04-26,10000000.0
2013-04-29,10000000.0
2013-04-30,10000000.0
2013-05-01,10000000.0
2013-05-02,10000000.0
2013-05-03,10000000.0
2013-05-06,10000000.0
2013-05-07,10000000.0
2013-05-08,10000000.0
2013-05-09,10000000.0
2013-05-10,10000000.0
2013-05-13,10000000.0
2013-05-14,10000000.0
2013-05-15,10000000.0
2013-05-16,10000000.0
2013-05-17,10000000.0
2013-05-20,10000000.0
2013-05-21,10000000.0
2013-05-22,10000000.0
2013-05-23,10000000.0
2013-05-24,10000000.0
2013-05-27,10000000.0
2013-05-28,10000000.0
2013-05-29,10000000.0
2013-05-30,10000000.0
2013-05-31,10000000.0
2013-06-03,10000000.0
2013-06-04,10000000.0
2013-06-05,10000000.0
2013-06-06,10000000.0
2013-06-07,10000000.0
2013-06-10,10000000.0
2013-06-11,10000000.0
2013-06-12,10000000.0
2013-06-13,10000000.0
2013-06-14,10000000.0
2013-06-17,10000000.0
2013-06-18,10000000.0
2013-06-19,10000000.0
2013-06-20,10000000.0
2013-06-21,10000000.0
2013-06-24,10000000.0
2013-06-25,10000000.0
2013-06-26,10000000.0
2013-06-27,10000000.0
2013-06-28,10000000.0
2013-07-01,10000000.0
2013-07-02,10000000.0
2013-07-03,10000000.0
2013-07-04,10000000.0
2013-07-05,10000000.0
2013-07-08,10000000.0
2013-07-09,10000000.0
2013-07-10,10000000.0
2013-07-11,10000000.0
2013-07-12,10000000.0
2013-07-15,10000000.0
2013-07-16,10000000.0
2013-07-17,10000000.0
2013-07-18,10000000.0
2013-07-19,10000000.0
2013-07-22,10000000.0
2013-07-23,10000000.0
2013-07-24,10000000.0
2013-07-25,10000000.0
2013-07-26,10000000.0
2013-07-29,10000000.0
2013-07-30,10000000.0
2013-07-31,10000000.0
2013-08-01,10000000.0
2013-08-02,10000000.0
2013-08-05,10000000.0
2013-08-06,10000000.0
2013-08-07,10000000.0
2013-08-08,10000000.0
2013-08-09,10000000.0
2013-08-12,10000000.0
2013-08-13,10000000.0
2013-08-14,10000000.0
2013-08-15,10000000.0
2013-08-16,10000000.0
2013-08-19,10000000.0
2013-08-20,10000000.0
2013-08-21,10000000.0
2013-08-22,10000000.0
2013-08-23,10000000.0
2013-08-26,10000000.0
2013-08-27,10000000.0
2013-08-28,10000000.0
2013-08-29,10000000.0
2013-08-30,10000000.0
2013-09-02,10000000.0
2013-09-03,10000000.0
2013-09-04,10000000.0
2013-09-05,10000000.0
2013-09-06,10000000.0
2013-09-09,10000000.0
2013-09-10,10000000.0
2013-09-11,10000000.0
2013-09-12,10000000.0
2013-09-13,10000000.0
2013-09-16,10000000.0
2013-09-17,10000000.0
2013-09-18,10000000.0
2013-09-19,10000000.0
2013-09-20,10000000.0
2013-09-23,10000000.0
2013-09-24,10000000.0
2013-09-25,10000000.0
2013-09-26,10000000.0
2013-09-27,10000000.0
2013-09-30,10000000.0
2013-10-01,10000000.0
2013-10-02,10000000.0
2013-10-03,10000000.0
2013-10-04,10000000.0
2013-10-07,10000000.0
2013-10-08,10000000.0
2013-10-09,10000000.0
2013-10-10,10000000.0
2013-10-11,10000000.0
2013-10-14,10000000.0
2013-10-15,10000000.0
2013-10-16,10000000.0
2013-10-17,10000000.0
2013-10-18,10000000.0
2013-10-21,10000000.0
2013-10-22,10000000.0
2013-10-23,10000000.0
2013-10-24,10000000.0
2013-10-25,10000000.0
2013-10-28,10000000.0
2013-10-29,10000000.0
2013-10-30,10000000.0
2013-10-31,10000000.0
2013-11-01,10000000.0
2013-11-04,10000000.0
2013-11-05,10000000.0
2013-11-06,10000000.0
2013-11-07,10000000.0
2013-11-08,10000000.0
2013-11-11,10000000.0
2013-11-12,10000000.0
2013-11-13,10000000.0
2013-11-14,10000000.0
2013-11-15,10000000.0
2013-11-18,10000000.0
2013-11-19,10000000.0
2013-11-20,10000000.0
2013-11-21,10000000.0
2013-11-22,10000000.0
2013-11-25,10000000.0
2013-11-26,10000000.0
2013-11-27,10000000.0
2013-11-28,10000000.0
2013-11-29,10000000.0
2013-12-02,10000000.0
2013-12-03,10000000.0
2013-12-04,10000000.0
2013-12-05,10000000.0
2013-12-06,10000000.0
2013-12-09,10000000.0
2013-12-10,10000000.0
2013-12-11,10000000.0
2013-12-12,10000000.0
2013-12-13,10000000.0
2013-12-16,10000000.0
2013-12-17,10000000.0
2013-12-18,10000000.0
2013-12-19,9998154.381608222
2013-12-20,10059369.545313
2013-12-23,10188122.392418759
2013-12-24,10324570.93031393
2013-12-26,10413955.752625378
2013-12-27,10424836.355669785
2013-12-30,10515268.362134153
2013-12-31,10589299.26927545
2014-01-01,10734437.069556294
2014-01-02,10732393.02019551
2014-01-03,10810189.316058096
2014-01-06,10850045.748349104
2014-01-07,10901146.740320388
2014-01-08,10999586.440475354
2014-01-09,11016350.942654682
2014-01-10,11005469.615260797
2014-01-13,11031787.7107266
2014-01-14,11021170.197345583
2014-01-15,11010405.8124141
2014-01-16,11004675.641473858
2014-01-17,10874101.279612444
2014-01-20,10929269.58776006
2014-01-21,10908273.84056631
2014-01-22,10989257.807278711
2014-01-23,10968352.874072222
2014-01-24,10912801.093879744
2014-01-27,10738097.694747973
2014-01-28,10757199.846264772
2014-01-29,10743403.19368291
2014-01-30,10636188.40824007
2014-01-31,10692680.027001016
2014-02-03,10723327.633424366
2014-02-04,10764951.389403645
2014-02-05,10772087.688912537
2014-02-06,10762363.327029072
2014-02-07,10855494.313786976
2014-02-10,10835245.70798164
2014-02-11,10852725.275271857
2014-02-12,10838795.713706715
2014-02-13,10768178.642677296
2014-02-14,10797358.549829531
2014-02-17,10825383.787884984
2014-02-18,10865599.377259403
2014-02-19,10927692.738527894
2014-02-20,10935951.094496273
2014-02-21,10992363.560125962
2014-02-24,11041369.513139432
2014-02-25,11036780.96230379
2014-02-26,11054020.477400122
2014-02-27,11063801.770464076
2014-02-28,11073583.06352804
2014-03-03,11117652.356615711
2014-03-04,11169681.693781992
2014-03-05,11226081.567904009
2014-03-06,11316781.175195443
2014-03-07,11310668.636653477
2014-03-10,11431813.166936796
2014-03-11,11413064.789260635
2014-03-12,11398598.079738997
2014-03-13,11338513.59961495
2014-03-14,11326327.836195834
2014-03-17,11348435.130893998
2014-03-18,11370542.425592158
2014-03-19,11349531.05907128
2014-03-20,11297747.365226084
2014-03-21,11305077.563298963
2014-03-24,11341657.270600606
2014-03-25,11336681.191154545
2014-03-26,11323405.753110586
2014-03-27,11357766.8665744
2014-03-28,11453494.152004534
2014-03-31,11547477.688249582
2014-04-01,11680598.439298442
2014-04-02,11758537.826499648
2014-04-03,11672964.27999567
2014-04-04,11797210.891161319
2014-04-07,11843073.414438635
2014-04-08,11952405.865515789
2014-04-09,12061738.316592941
2014-04-10,12159008.646663824
2014-04-11,12159376.329035727
2014-04-14,12153330.767544776
2014-04-15,12147285.206053827
2014-04-16,12025063.562384488
2014-04-17,12146403.981571661
2014-04-21,12205322.07018368
2014-04-22,12092085.748428682
2014-04-23,12110810.956374772
2014-04-24,12072748.899876943
2014-04-25,12034686.843379116
2014-04-28,12062651.98323497
2014-04-29,12108562.408617053
2014-04-30,11971594.367445307
2014-05-01,11987937.360080406
2014-05-02,12004280.352715503
2014-05-05,12078376.581240172
2014-05-06,12105145.108419184
2014-05-07,12055173.079670219
2014-05-08,12056202.08312686
2014-05-09,12097257.161224442
2014-05-12,12088607.807533573
2014-05-13,12176390.686738124
2014-05-14,12277608.03303527
2014-05-15,12239233.344231237
2014-05-16,12299796.540917266
2014-05-19,12715541.935870208
2014-05-20,13101303.680459006
2014-05-21,13422572.622533683
2014-05-22,13701017.670157949
2014-05-23,13932786.650491964
2014-05-26,13790395.618128732
2014-05-27,13750330.783049926
2014-05-28,13987315.830097517
2014-05-29,14041313.472591259
2014-05-30,14159701.592747878
2014-06-02,14397813.180282712
2014-06-03,14510480.293099178
2014-06-04,14742726.90911562
2014-06-05,15012147.860990329
2014-06-06,15230625.883928698
2014-06-09,15596832.555200756
2014-06-10,15748214.891041193
2014-06-11,15822730.566238556
2014-06-12,16108623.055872114
2014-06-13,15620679.434508573
2014-06-16,15600530.819490364
2014-06-17,15768487.41770147
2014-06-18,15776934.993141366
2014-06-19,15766195.78727961
2014-06-20,15778012.646571048
2014-06-23,15802139.548714474
2014-06-24,16000591.221769556
2014-06-25,16121478.462439667
2014-06-26,16184854.68987122
2014-06-27,16345148.507714175
2014-06-30,16515775.89526963
2014-07-01,16625247.785962183
2014-07-02,16853581.1713714
2014-07-03,16928005.4676862
2014-07-04,17032914.030964475
2014-07-07,17182478.63731197
2014-07-08,17061870.226255864
2014-07-09,16956792.500287157
2014-07-10,17037179.573897872
2014-07-11,16950543.077249736
2014-07-14,16929601.93167864
2014-07-15,17096678.20875834
2014-07-16,17292794.89846173
2014-07-17,17372500.33127365
2014-07-18,17532520.130605355
2014-07-21,17641554.190788165
2014-07-22,17795418.494764183
2014-07-23,17798908.303461723
2014-07-24,17844944.17718134
2014-07-25,17773820.565299947
2014-07-28,17829609.51583455
2014-07-29,17842178.555586077
2014-07-30,17853200.827670332
2015-01-01,22039548.386040322
2015-01-02,22240657.12992008
2015-01-05,22425057.952420678
2015-01-06,22117000.33139033
2015-01-07,22125778.229918104
2015-01-08,22264176.776658338
2015-01-09,22334385.406034242
2015-01-12,22585945.093876965
2015-01-13,22647773.845764283
2015-01-14,22632610.653118633
2015-01-15,22770487.695184827
2015-01-16,22893658.82955173
2015-01-19,22947171.606530726
2015-01-20,23008719.99519564
2015-01-21,22970631.761555996
2015-01-22,23071687.58819802
2015-01-23,22900245.193515863
2015-01-26,22911974.80217256
2015-01-27,22923704.410829246
2015-01-28,22790247.02048599
2015-01-29,22844992.00555519
2015-01-30,22872748.235634904
2015-02-02,22912494.63408325
2015-02-03,22890923.168317627
2015-02-04,22873584.78168261
2015-02-05,22820097.00071726
2015-02-06,22607436.295747735
2015-02-09,22469063.551278103
2015-02-10,22485379.70717451
2015-02-11,22538252.165890876
2015-02-12,22548222.705893893
2015-02-13,22513683.591732465
2015-02-16,22527057.09164233
2015-02-17,22585571.976653963
2015-02-18,22644086.86166558
2015-02-19,22724049.65459226
2015-02-20,22734910.4338989
2015-02-23,22699063.510992065
2015-02-24,22736791.58941105
2015-02-25,22722330.584097162
2015-02-26,22779940.46224593
2015-02-27,22938359.780387893
2015-03-02,23016330.761004984
2015-03-03,23192946.824871205
2015-03-04,23030057.68409272
2015-03-05,23036784.40776504
2015-03-06,22981600.71404281
2015-03-09,22926417.02032064
2015-03-10,22898119.50758584
2015-03-11,22918370.09726115
2015-03-12,23049786.74296294
2015-03-13,22750026.33809129
2015-03-16,22596291.63506087
2015-03-17,22624618.4186733
2015-03-18,22505933.55175271
2015-03-19,22366521.353924762
2015-03-20,22053331.246345773
2015-03-23,21838600.422986615
2015-03-24,21713767.482904352
2015-03-25,21535115.994636327
2015-03-26,21447497.983622395
2015-03-27,21311128.452185936
2015-03-30,21702264.71544551
2015-03-31,21788475.965264946
2015-04-01,22059901.018600643
2015-04-02,22186255.880619373
2015-04-06,22312610.742638107
2015-04-07,22549571.984721802
2015-04-08,22715297.20050633
2015-04-09,22863214.543818768
2015-04-10,23125188.254764173
2015-04-13,23240585.020044822
2015-04-14,23275538.394912895
2015-04-15,23310491.76978098
2015-04-16,23271842.323415466
2015-04-17,23274910.919128347
2015-04-20,23049245.635460608
2015-04-21,23014721.13252605
2015-04-22,23025005.67504518
2015-04-23,23093572.56430692
2015-04-24,22807204.159151103
2015-04-27,22467944.742505714
2015-04-28,22603488.32518651
2015-04-29,22714662.46466557
2015-04-30,22702849.689509783
2015-05-01,22875050.827289343
2015-05-04,23047251.965068936
2015-05-05,23212227.3034049
2015-05-06,22870320.687001966
2015-05-07,22660321.312632047
2015-05-08,22842282.394642573
2015-05-11,22911547.40552029
2015-05-12,22754983.045347128
2015-05-13,22873887.26403684
2015-05-14,22921479.395937826
2015-05-15,23054072.423433058
2015-05-18,23157406.764189906
2015-05-19,23289769.54519432
2015-05-20,23256239.430926885
2015-05-21,23212002.953954387
2015-05-22,23253892.489249382
2015-05-25,23331205.825772274
2015-05-26,23290556.627474163
2015-05-27,23294044.61603005
2015-05-28,23275191.95019935
2015-05-29,23364677.351495
2015-06-01,23388532.556837562
2015-06-02,23168769.509852596
2015-06-03,22737272.306034803
2015-06-04,22707690.911889747
2015-06-05,22702556.772461623
2015-06-08,22576026.342172403
2015-06-09,22561614.743090436
2015-06-10,22707278.960588858
2015-06-11,22603691.01139044
2015-06-12,22482057.170481678
2015-06-15,22550769.36629104
2015-06-16,22492078.7895599
2015-06-17,22641964.153029613
2015-06-18,22781747.49021279
2015-06-19,22734228.690533876
2015-06-22,22790743.914481312
2015-06-23,22964227.970910463
2015-06-24,22959290.17897097
2015-06-25,23041570.87700012
2015-06-26,22899424.289902784
2015-06-29,22670922.25255185
2015-06-30,22797300.52473286
2015-07-01,23036909.721046586
2015-07-02,23037805.145615246
2015-07-03,23242704.98081869
2015-07-06,23400352.013708267
2015-07-07,23661390.70574981
2015-07-08,23516954.27677771
2015-07-09,23632472.02178738
2015-07-10,23659433.653841224
2015-07-13,23840141.753936563
2015-07-14,23902485.416462947
2015-07-15,24097976.627390724
2015-07-16,24100246.465331133
2015-07-17,24181084.17003862
2015-07-20,24203679.32980891
2015-07-21,23985739.945181306
2015-07-22,24097114.365294453
2015-07-23,24265448.631960515
2015-07-24,24228245.76981143
2015-07-27,24082233.83989759
2015-07-28,24117143.138511702
2015-07-29,24190834.76214884
2015-07-30,24429480.9325746
2015-07-31,24643650.005115014
2015-08-03,24931820.06651508
2015-08-04,25074486.576049704
2015-08-05,25488658.20609834
2015-08-06,25527864.159683865
2015-08-07,25550037.164865267
2015-08-10,25691722.562145516
2015-08-11,25470597.59940396
2015-08-12,25049144.487799667
2015-08-13,24812733.82448466
2015-08-14,25047548.502351113
2015-08-17,25126988.944577523
2015-08-18,25122604.452183817
2015-08-19,25266002.84656035
2015-08-20,25051956.36811034
2015-08-21,24895728.304442465
2015-08-24,23678746.96661146
2015-08-25,23563822.87992451
2015-08-26,23690634.194620963
2015-08-27,23882489.666735232
2015-08-28,23821912.22046789
2015-08-31,23837036.984345652
2015-09-01,23546370.91287289
2015-09-02,23419570.40496599
2015-09-03,23543428.513656065
2015-09-04,23172292.659296554
2015-09-07,22965492.395514283
2015-09-08,23020008.568471882
2015-09-09,23332468.94445324
2015-09-10,23242296.469205923
2015-09-11,23333130.188987024
2015-09-14,23458945.437133417
2015-09-15,23376633.070892084
2015-09-16,23376791.42531362
2015-09-17,23458615.69556294
2015-09-18,23539864.410256717
2015-09-21,23657908.782365315
2015-09-22,23508773.403647035
2015-09-23,23511927.710919585
2015-09-24,23536592.173129812
2015-09-25,23572079.7849136
2015-09-28,23614889.61891961
2015-09-29,23869498.15977282
2015-09-30,23914993.48218451
2015-10-01,24067732.800914373
2015-10-02,24194616.68564304
2015-10-05,24321091.681482807
2015-10-06,24542466.46329417
2015-10-07,24829335.484733522
2015-10-08,24883508.999314174
2015-10-09,25016535.758418325
2015-10-12,25098792.00443853
2015-10-13,25259225.839278433
2015-10-14,25273917.33031823
2015-10-15,25348886.024084136
2015-10-16,25407364.235288676
2015-10-19,25516130.923571613
2015-10-20,25518237.16410166
2015-10-21,25523081.658855427
2015-10-22,25552948.597241353
2015-10-23,25582966.646738395
2015-10-26,25521192.149803225
2015-10-27,25518492.05909812
2015-10-28,25476477.405408647
2015-10-29,25501810.44274218
2015-10-30,25319513.355267495
2015-11-02,25280398.310658135
2015-11-03,25389957.469032086
2015-11-04,25423316.041056495
2015-11-05,25279536.904707123
2015-11-06,25219630.25025148
2015-11-09,25315040.974531
2015-11-10,25335739.50640869
2015-11-11,25662193.42352912
2015-11-12,25599421.71392068
2015-11-13,25533523.337645564
2015-11-16,25733005.75287666
2015-11-17,25893883.632313084
2015-11-18,25824854.57717234
2015-11-19,25907126.4118387
2015-11-20,25990902.94391034
2015-11-23,26051455.83712289
2015-11-24,26271693.729231056
2015-11-25,26396510.85912864
2015-11-26,26521636.877915084
2015-11-27,26452016.89266045
2015-11-30,26748125.103480566
2015-12-01,26944690.713340513
2015-12-02,27115080.36658678
2015-12-03,27247545.60306124
2015-12-04,27266096.882404454
2015-12-07,27350836.15389922
2015-12-08,27228168.463947047
2015-12-09,26683602.305256758
2015-12-10,26940040.99582637
2015-12-11,26863068.33854905
2015-12-14,27104290.33326947
2015-12-15,27236192.956465837
2015-12-16,27255140.262700498
2015-12-17,27539763.678206317
2015-12-18,27669729.38175135
2015-12-21,28103870.067673627
2015-12-22,28334223.686707962
2015-12-23,28563353.570258036
2015-12-24,28850633.465086605
2015-12-28,29035237.83306346
2015-12-29,29169115.66914353
2015-12-30,29277305.426703
2015-12-31,29674591.479939397
2016-01-01,30015949.578469295
2016-01-04,29980700.157309495
2016-01-05,30373786.552676357
2016-01-06,30433474.36139231
2016-01-07,30113299.523068704
2016-01-08,30337354.42492639
2016-01-11,30356911.92141111
2016-01-12,30178089.55330226
2016-01-13,29804676.623448513
2016-01-14,29620048.8958252
2016-01-15,29148602.808971167
2016-01-18,28606121.95477567
2016-01-19,28798358.640664194
2016-01-20,28459260.93024
2016-01-21,28383962.881654426
2016-01-22,28620764.578384537
2016-01-25,28761046.122845225
2016-01-26,28773365.596250262
2016-01-27,28785953.75553711
2016-01-28,28785443.285243183
2016-01-29,28809808.076184463
2016-02-01,28961899.14169292
2016-02-02,28934982.28018338
2016-02-03,28647625.19562704
2016-02-04,28634606.21038182
2016-02-05,28725671.156155035
2016-02-08,28798441.637001634
2016-02-09,28718734.813198265
2016-02-10,28527434.7327201
2016-02-11,27974005.246906497
2016-02-12,27722261.336042926
2016-02-15,28091131.55863566
2016-02-16,27840105.979369193
2016-02-17,27916537.646876104
2016-02-18,27931618.496859174
2016-02-19,27920537.568483938
2016-02-22,27919968.529558197
2016-02-23,27728842.598994635
2016-02-24,27630722.135668
2016-02-25,27525739.721471414
2016-02-26,27499312.604571242
2016-02-29,27450352.76942024
2016-03-01,27659358.944869447
2016-03-02,27875987.03053505
2016-03-03,27996335.2977543
2016-03-04,28093498.528760243
2016-03-07,28131452.08067008
2016-03-08,28187849.59980837
2016-03-09,28242974.176114015
2016-03-10,28249786.914104253
2016-03-11,28188418.19727878
2016-03-14,28212995.26997336
2016-03-15,28102114.85481875
2016-03-16,28045648.480870284
2016-03-17,28086086.421279073
2016-03-18,28157040.784708634
2016-03-21,28164400.122950412
2016-03-22,28182594.38896155
2016-03-23,28101081.309862066
2016-03-24,28019220.160415787
2016-03-28,27935746.895678803
2016-03-29,27771959.119174823
2016-03-30,27974898.814922612
2016-03-31,27963070.907695573
2016-04-01,28155546.727627356
2016-04-04,28515909.476120263
2016-04-05,28424540.379851483
2016-04-06,28512741.127111677
2016-04-07,28485758.14692041
2016-04-08,28630877.436854996
2016-04-11,28709867.664785717
2016-04-12,28808524.30681341
2016-04-13,28867564.43092176
2016-04-14,28809307.500196453
2016-04-15,28828120.67206029
2016-04-18,28878892.449983414
2016-04-19,29059687.924344134
2016-04-20,29201206.407986727
2016-04-21,29189743.35637658
2016-04-22,29258145.889286615
2016-04-25,29163337.50343571
2016-04-26,29193811.83745996
2016-04-27,29182888.939531382
2016-04-28,29104795.290766913
2016-04-29,29088989.32990182
2016-05-02,29133567.900736354
2016-05-03,29119994.983013775
2016-05-04,28986827.365730293
2016-05-05,28954320.77308606
2016-05-06,28972781.05959879
2016-05-09,29086234.677922815
2016-05-10,29069117.429203298
2016-05-11,29022841.680455055
2016-05-12,29087127.274166796
2016-05-13,29008328.274508893
2016-05-16,29040593.03036926
2016-05-17,29018620.535088766
2016-05-18,29065772.599170256
2016-05-19,28912272.56443378
2016-05-20,28792925.691745907
2016-05-23,28776031.80279825
2016-05-24,28710695.545588206
2016-05-25,28774225.30433965
2016-05-26,28886209.930400223
2016-05-27,28956391.299197245
2016-05-30,28863480.335228335
2016-05-31,28775458.435913507
2016-06-01,28727826.869714655
2016-06-02,28720227.602278624
2016-06-03,28633789.189363834
2016-06-06,28684905.75791848
2016-06-07,28831278.645977408
2016-06-08,28974118.206298348
2016-06-09,29065630.999998976
2016-06-10,29057929.77766546
2016-06-13,29047880.886455577
2016-06-14,29210643.409135126
2016-06-15,29342593.674383726
2016-06-16,29174327.99947149
2016-06-17,29292303.797243267
2016-06-20,29364283.375717994
2016-06-21,29399032.69364195
2016-06-22,29308604.03669797
2016-06-23,29290568.773308203
2016-06-24,29030252.56044751
2016-06-27,29248292.805883225
2016-06-28,29457581.82377005
2016-06-29,29677051.977770753
2016-06-30,29956703.01235407
2016-07-01,30194238.958894268
2016-07-04,30540922.405271124
2016-07-05,30616421.45327865
2016-07-06,30751028.53673774
2016-07-07,30885393.178144198
2016-07-08,30866347.730537575
2016-07-11,30995738.08062227
2016-07-12,31180009.615011647
2016-07-13,31140190.496626027
2016-07-14,31215184.440599166
2016-07-15,31152993.65334525
2016-07-18,31127659.12112417
2016-07-19,31251894.80455898
2016-07-20,31438789.131847754
2016-07-21,31303395.46954275
2016-07-22,31486001.705724128
2016-07-25,31588585.43977156
2016-07-26,31569619.2514018
2016-07-27,31570836.14616115
2016-07-28,31675024.555079848
2016-07-29,31721778.723533586
2016-08-01,31527552.14389173
2016-08-02,31478246.960462887
2016-08-03,31339136.167808104
2016-08-04,31364791.65457546
2016-08-05,31596462.58708507
2016-08-08,31861070.932394326
2016-08-09,31720505.0196361
2016-08-10,31510103.285643145
2016-08-11,31432745.9414978
2016-08-12,31512162.695947044
2016-08-15,31476277.394110672
2016-08-16,31417069.901479762
2016-08-17,31538348.59323763
2016-08-18,31597739.688933294
2016-08-19,31805536.357256185
2016-08-22,31989551.856030937
2016-08-23,32055812.70426202
2016-08-24,32130839.735112358
2016-08-25,32170404.643716898
2016-08-26,32152711.850953743
2016-08-29,32242810.21086572
2016-08-30,32427835.41910337
2016-08-31,32382031.74129889
2016-09-01,32304208.11969593
2016-09-02,32364828.04343676
2016-09-05,32411259.800052073
2016-09-06,32457691.556667384
2016-09-07,32731067.17726942
2016-09-08,33034302.14937201
2016-09-09,33085195.51377046
2016-09-12,32719005.72763807
2016-09-13,32793348.295784105
2016-09-14,32867220.673282504
2016-09-15,33077618.38361777
2016-09-16,33053924.276486535
2016-09-19,33287784.811836712
2016-09-20,33306545.515629806
2016-09-21,33347984.43215443
2016-09-22,33519375.548014123
2016-09-23,33591657.32403327
2016-09-26,33577007.52452349
2016-09-27,33763898.419258706
2016-09-28,33905352.878692545
2016-09-29,32979865.71806092
2016-09-30,33403444.763214976
2016-10-03,33978764.08268507
2016-10-04,34243027.25395697
2016-10-05,34590872.487182945
2016-10-06,34690691.80175587
2016-10-07,34830906.12124545
2016-10-10,35079084.65967607
2016-10-11,35025948.761402845
2016-10-12,34972122.2706159
2016-10-13,34808861.204414405
2016-10-14,34857991.65770605
2016-10-17,34991381.69143222
2016-10-18,35191577.47226555
2016-10-19,35459650.03500708
2016-10-20,35657497.8212139
2016-10-21,35895899.19578984
2016-10-24,36220732.760787934
2016-10-25,36383215.36126014
2016-10-26,36461589.84954115
2016-10-27,36392716.77818282
2016-10-28,36584304.813021764
2016-10-31,36961429.21576942
2016-11-01,37338733.61337442
2016-11-02,37260247.03148609
2016-11-03,37400083.95204567
2016-11-04,36902354.02242286
2016-11-07,37498072.296794355
2016-11-08,37528746.995850585
2016-11-09,37115795.301728845
2016-11-10,37686119.26525002
2016-11-11,36997107.36203152
2016-11-14,36474339.680155315
2016-11-15,35950716.1043659
2016-11-16,35791554.826359466
2016-11-17,35442676.862514675
2016-11-18,35306225.75413999
2016-11-21,34569554.412583396
2016-11-22,34611540.47982971
2016-11-23,34939748.447323225
2016-11-24,35031575.131945655
2016-11-25,35475734.32877759
2016-11-28,35686152.351071626
2016-11-29,35946599.09545153
2016-11-30,36212630.60510177
2016-12-01,36296400.58499253
2016-12-02,36253497.11832009
2016-12-05,36484891.801531985
2016-12-06,36744170.21467695
2016-12-07,36899962.972718194
2016-12-08,37287018.33025285
2016-12-09,37388669.6327304
2016-12-12,37284283.31928655
2016-12-13,37374432.3034454
2016-12-14,37262227.93652825
2016-12-15,37325944.74463614
2016-12-16,37257606.117833875
2016-12-19,37222887.38134923
2016-12-20,37412646.76441248
2016-12-21,36929368.60947616
2016-12-22,36575590.14318862
2016-12-23,36650483.35458801
2016-12-26,36276100.34293156
2016-12-27,36467905.0444031
2016-12-28,36604345.89981878
2016-12-29,36791828.40131049
2016-12-30,37053597.52681161
2017-01-02,37441196.43512877
2017-01-03,37742190.364764884
2017-01-04,37897366.18709498
2017-01-05,38203822.18768756
2017-01-06,38134213.749856174
2017-01-09,38301958.13967001
2017-01-10,38483270.756825626
2017-01-11,38734894.99651545
2017-01-12,38692443.18816385
2017-01-13,38789051.96012226
2017-01-16,38921576.044870995
2017-01-17,38988462.95706631
2017-01-18,39166487.07476619
2017-01-19,39204764.908810705
2017-01-20,38929001.85365281
2017-01-23,39087778.2089028
2017-01-24,39245013.43593082
2017-01-25,39343376.259275205
2017-01-26,39419498.95750758
2017-01-27,39495621.65573992
2017-01-30,39470321.139471516
2017-01-31,39204576.45821342
2017-02-01,39656245.787439615
2017-02-02,39836036.19634654
2017-02-03,40104477.88966683
2017-02-06,40425702.81114993
2017-02-07,40424405.21118228
2017-02-08,40500779.038892984
2017-02-09,40579905.335418805
2017-02-10,40523934.78043314
2017-02-13,40492044.05522694
2017-02-14,40340444.534588076
2017-02-15,39821400.30995928
2017-02-16,40184925.086600944
2017-02-17,40340404.31259394
2017-02-20,40614860.12129296
2017-02-21,40911617.46734151
2017-02-22,40755309.76098497
2017-02-23,40854149.32527912
2017-02-24,40833521.86116893
2017-02-27,40812894.39705871
2017-02-28,40991117.389144905
2017-03-01,41218541.178542174
2017-03-02,40902479.687882505
2017-03-03,40945669.13245428
2017-03-06,41062813.533479154
2017-03-07,41083339.8118849
2017-03-08,41045687.03954609
2017-03-09,40933895.62102997
2017-03-10,40913166.561001286
2017-03-13,40990973.824230805
2017-03-14,41183095.45844526
2017-03-15,41356061.77887126
2017-03-16,41691846.13835452
2017-03-17,41646833.488606945
2017-03-20,41581259.34139214
2017-03-21,41452885.2879572
2017-03-22,41275666.04476909
2017-03-23,41497503.57418516
2017-03-24,41555538.31237439
2017-03-27,41442953.16027593
2017-03-28,41545717.24604982
2017-03-29,41502547.0260249
2017-03-30,41745822.396196716
2017-03-31,42022025.65975164
2017-04-03,42509338.65410748
2017-04-04,42824954.50292779
2017-04-05,43140570.35174807
2017-04-06,43284291.813389644
2017-04-07,43304775.3431819
2017-04-10,43610312.899143994
2017-04-11,43842821.86293206
2017-04-12,43767895.805394225
2017-04-13,43908812.166705936
2017-04-17,44084714.525888935
2017-04-18,43993235.537856214
2017-04-19,44256185.023152076
2017-04-20,44627409.13783513
2017-04-21,44778826.99720934
2017-04-24,45075787.45008629
2017-04-25,45180461.92656313
2017-04-26,44914621.642891034
2017-04-27,44916747.95266496
2017-04-28,45029302.60105446
2017-05-01,45025983.31896887
2017-05-02,45022664.03688324
2017-05-03,45033759.97688255
2017-05-04,45078449.5597941
2017-05-05,44702369.319112346
2017-05-08,44970309.531918265
2017-05-09,45258386.20729892
2017-05-10,45577714.284908116
2017-05-11,45632112.08650203
2017-05-12,45438927.54195295
2017-05-15,45734007.31233311
2017-05-16,45898268.72211422
2017-05-17,45938041.30146358
2017-05-18,45371905.893495075
2017-05-19,45225727.74202801
2017-05-22,44943381.887320355
2017-05-23,44271682.56959236
2017-05-24,43707010.72445113
2017-05-25,44270932.07342441
2017-05-26,44656118.62932012
2017-05-29,44205583.895631805
2017-05-30,44196177.69604508
2017-05-31,44287767.995899916
2017-06-01,44421056.1265961
2017-06-02,44527190.254047886
2017-06-05,44672093.92722227
2017-06-06,44550690.75551183
2017-06-07,44768526.11768998
2017-06-08,44853751.72964401
2017-06-09,44905331.10485372
2017-06-12,44803603.97784703
2017-06-13,44988151.87677772
2017-06-14,45144367.06100908
2017-06-15,45283141.56737855
2017-06-16,45306918.78514795
2017-06-19,45367810.81153849
2017-06-20,45434668.819629
2017-06-21,45522154.72082583
2017-06-22,45392215.88066557
2017-06-23,44963272.36209378
2017-06-26,44881324.42461835
2017-06-27,44809684.533560865
2017-06-28,44819081.109588355
2017-06-29,44939181.39100207
2017-06-30,45009300.4951066
2017-07-03,45111324.84252038
2017-07-04,45171638.23025547
2017-07-05,45180974.464672156
2017-07-06,45278853.325572364
2017-07-07,45368222.72323218
2017-07-10,45404087.05369972
2017-07-11,45308468.34181907
2017-07-12,45358673.87060075
2017-07-13,45369942.740559764
2017-07-14,45383421.43417563
2017-07-17,45376971.73323943
2017-07-18,45384599.80315812
2017-07-19,45545966.03146619
2017-07-20,45604006.10136287
2017-07-21,45612800.109312005
2017-07-24,45601100.958242066
2017-07-25,45705187.38821316
2017-07-26,45835061.340542756
2017-07-27,45640515.31531248
2017-07-28,45719133.95578991
2017-07-31,45696511.30566232
2017-08-01,45665054.773706324
2017-08-02,45538736.42432709
2017-08-03,45299726.813607916
2017-08-04,45397373.959149465
2017-08-07,45486978.2417042
2017-08-08,45312169.99532905
2017-08-09,45089451.06144317
2017-08-10,44713366.67193974
2017-08-11,44613319.71202289
2017-08-14,44810884.88041304
2017-08-15,44874402.083347015
2017-08-16,44941846.69625856
2017-08-17,44993891.90007854
2017-08-18,44919249.874317035
2017-08-21,44784281.12199278
2017-08-22,44722770.462550424
2017-08-23,44861389.80985813
2017-08-24,45041646.3155722
2017-08-25,45097961.22560841
2017-08-28,45164786.01212021
2017-08-29,45035488.42644495
2017-08-30,45139562.82382233
2017-08-31,45176300.80862607
2017-09-01,45331970.8389992
2017-09-04,45188249.44924945
2017-09-05,45295472.340369076
2017-09-06,45363342.56569023
2017-09-07,45459156.86989364
2017-09-08,45426949.536943346
2017-09-11,45574532.133716315
2017-09-12,45760614.85370999
2017-09-13,45715004.14515812
2017-09-14,45840071.93494328
2017-09-15,45919037.06130302
2017-09-18,46113612.02173121
2017-09-19,46117948.61141623
2017-09-20,46126023.72221685
2017-09-21,46106764.66326732
2017-09-22,45764344.19386874
2017-09-25,45567175.173247084
2017-09-26,45657902.58329124
2017-09-27,45364336.94621441
2017-09-28,45443886.56289948
2017-09-29,45524984.4678807
2017-10-02,45566398.26658586
2017-10-03,45592282.082327016
2017-10-04,45727692.312333904
2017-10-05,45787481.39327322
2017-10-06,45949751.11401043
2017-10-09,46087532.648664474
2017-10-10,46147983.60099507
2017-10-11,46027245.82101931
2017-10-12,46132680.29039305
2017-10-13,46098167.98258705
2017-10-16,46163204.09516743
2017-10-17,46241159.49559254
2017-10-18,46215323.27687358
2017-10-19,46244103.66001374
2017-10-20,46241978.573327914
2017-10-23,46246605.319269106
2017-10-24,46372845.8778702
2017-10-25,46383390.57635788
2017-10-26,46495637.96878453
2017-10-27,46594747.00516351
2017-10-30,46827352.2778834
2017-10-31,46842199.52169467
2017-11-01,46901351.50868087
2017-11-02,47034870.20221411
2017-11-03,47088345.44480885
2017-11-06,47124697.39136591
2017-11-07,46880543.36210262
2017-11-08,46764451.58467286
2017-11-09,46845187.16167384
2017-11-10,46808484.59360848
2017-11-13,46757974.419697806
2017-11-14,46766115.294974834
2017-11-15,46458287.171584666
2017-11-16,46651008.79535976
2017-11-17,46801658.3118248
2017-11-20,46913775.667615294
2017-11-21,47002014.21195679
2017-11-22,47026481.18176768
2017-11-23,47135794.19478082
2017-11-24,47231703.20261414
2017-11-27,47405161.40357451
2017-11-28,47484617.04364617
2017-11-29,47432202.01677088
2017-11-30,47371795.34393233
2017-12-01,47236044.526291974
2017-12-04,47134535.58659029
2017-12-05,47048308.65462431
2017-12-06,46981554.709376775
2017-12-07,47214151.21398235
2017-12-08,47308665.749206044
2017-12-11,47398908.19739958
2017-12-12,47272413.692665406
2017-12-13,47092837.42246419
2017-12-14,47077650.47979878
2017-12-15,47181866.85142648
2017-12-18,47292350.03448681
2017-12-19,47609797.718928896
2017-12-20,47718026.122901246
2017-12-21,47858602.254473574
2017-12-22,47978707.620038874
2017-12-26,48180770.97150359
2017-12-27,48331544.71362385
2017-12-28,48537566.86620894
2017-12-29,48770304.254131615
2018-01-01,49062560.33792667
2018-01-02,49076540.395154156
2018-01-03,49406019.72412799
2018-01-04,49756126.877512716
2018-01-05,50154485.10866657
2018-01-08,50548276.49764931
2018-01-09,50668551.15299528
2018-01-10,50803104.79389885
2018-01-11,51186933.25975502
2018-01-12,51379571.630336106
2018-01-15,51769314.38426685
2018-01-16,51525732.87415181
2018-01-17,51764591.93504841
2018-01-18,51267368.64254434
2018-01-19,51192159.42640824
2018-01-22,51213625.99133458
2018-01-23,51368493.514162116
2018-01-24,51173052.82194659
2018-01-25,51136460.40898054
2018-01-26,51004299.25210456
2018-01-29,50876901.784027
2018-01-30,50620095.34782094
2018-01-31,50486852.81020897
2018-02-01,50408192.37266029
2018-02-02,49444822.7190586
2018-02-05,49340951.813988484
2018-02-06,48862142.45341312
2018-02-07,49283434.49260167
2018-02-08,49979405.26157863
2018-02-09,50181127.15444273
2018-02-12,50739133.597898096
2018-02-13,50780691.61465683
2018-02-14,50822132.693845436
2018-02-15,50728627.613909036
2018-02-16,50278074.8490396
2018-02-19,49767545.83590187
2018-02-20,49555562.92081614
2018-02-21,49272673.15545804
2018-02-22,49295413.46772075
2018-02-23,49840515.11527858
2018-02-26,49790830.89767299
2018-02-27,49534773.35234295
2018-02-28,49576340.74510484
2018-03-01,49614898.5447919
2018-03-02,49460522.29963877
2018-03-05,49304978.41546104
2018-03-06,49003615.901647635
2018-03-07,48397196.89746511
2018-03-08,48291613.53588105
2018-03-09,48338470.370487124
2018-03-12,48078501.46247696
2018-03-13,48127843.268030114
2018-03-14,48188621.330238916
2018-03-15,48344667.73724718
2018-03-16,47859194.693766795
2018-03-19,47456212.93638768
2018-03-20,47430028.711164564
2018-03-21,47323385.32032723
2018-03-22,46848297.37040228
2018-03-23,46458624.92159455
2018-03-26,46372382.51583683
2018-03-27,46614427.74901349
2018-03-28,46702701.04430364
2018-03-29,46966659.83172422
2018-04-02,47217902.17335915
2018-04-03,47528245.86496053
2018-04-04,47621225.998694286
2018-04-05,47888833.898752965
2018-04-06,48223577.894262835
2018-04-09,48360959.63339732
2018-04-10,48348982.37030418
2018-04-11,48339662.79585137
2018-04-12,48346275.74457027
2018-04-13,48503992.59465937
2018-04-16,48520290.85008786
2018-04-17,48478973.8438064
2018-04-18,48386117.62591829
2018-04-19,48455345.537649035
2018-04-20,48438744.4832384
2018-04-23,48693414.669562556
2018-04-24,48689757.36599593
2018-04-25,48529880.37165164
2018-04-26,48304347.44127905
2018-04-27,48397741.3933776
2018-04-30,48432482.97903166
2018-05-01,48369272.04568702
2018-05-02,48226920.152180396
2018-05-03,47816922.98527368
2018-05-04,47840188.27391877
2018-05-07,48011663.919131294
2018-05-08,47836736.15352814
2018-05-09,48078388.44556768
2018-05-10,47684944.93077985
2018-05-11,47728861.6314313
2018-05-14,47264309.05880554
2018-05-15,47167377.2958327
2018-05-16,47097026.00951271
2018-05-17,47161358.588138714
2018-05-18,46922103.00616343
2018-05-21,46462068.57940795
2018-05-22,46481123.50306993
2018-05-23,46665542.87462724
2018-05-24,46410956.16448509
2018-05-25,46680060.26912279
2018-05-28,46822893.08212249
2018-05-29,47037463.424259074
2018-05-30,46890713.350028895
2018-05-31,46734702.004177935
2018-06-01,46369503.24151232
2018-06-04,45933277.534205355
2018-06-05,45386571.17396121
2018-06-06,45503342.58501505
2018-06-07,45907127.04832709
2018-06-08,46108133.28251637
2018-06-11,46352034.03979166
2018-06-12,46419641.53784784
2018-06-13,46512363.526986115
2018-06-14,46528780.68376319
2018-06-15,46432562.1942823
2018-06-18,46240505.81389805
2018-06-19,45922582.78992737
2018-06-20,45987801.59634214
2018-06-21,45748325.034912355
2018-06-22,45748244.87231761
2018-06-25,45474249.45582499
2018-06-26,45004596.18778794
2018-06-27,44064693.40790958
2018-06-28,43612356.55384271
2018-06-29,44138002.37121361
2018-07-02,43970404.65723292
2018-07-03,44041834.3755818
2018-07-04,44170089.46452312
2018-07-05,44054082.61911408
2018-07-06,44204066.39389173
2018-07-09,44584430.189616814
2018-07-10,44989140.692621954
2018-07-11,44830126.51193174
2018-07-12,44756413.678835176
2018-07-13,44332329.963725924
2018-07-16,43465287.35824145
2018-07-17,43690637.91178372
2018-07-18,43321011.7379898
2018-07-19,42873497.29852027
2018-07-20,42840015.26583675
2018-07-23,43037039.48878303
2018-07-24,43905372.174491055
2018-07-25,43985894.8408869
2018-07-26,44157952.00540337
2018-07-27,44580559.497995354
2018-07-30,45031159.31331417
2018-07-31,45132939.342173815
2018-08-01,45346750.10693705
2018-08-02,45501463.6608075
2018-08-03,45936986.6864068
2018-08-06,46305480.41762701
2018-08-07,46206019.29405725
2018-08-08,46140411.56557487
2018-08-09,46184883.93996368
2018-08-10,45910573.87981072
2018-08-13,45664935.23784043
2018-08-14,45705427.608642794
2018-08-15,45601925.74034996
2018-08-16,45497249.92386553
2018-08-17,45764558.16874387
2018-08-20,45826481.113980725
2018-08-21,45852423.04076586
2018-08-22,45806821.2242042
2018-08-23,45761606.037286475
2018-08-24,45732287.985742114
2018-08-27,45943881.494770706
2018-08-28,45781068.658303246
2018-08-29,45725979.28644111
2018-08-30,46074519.06743079
2018-08-31,46278751.68999433
2018-09-03,46519555.82895241
2018-09-04,46025561.994118266
2018-09-05,45813754.30589794
2018-09-06,46093468.836973
2018-09-07,46407872.012696646
2018-09-10,46224532.72455529
2018-09-11,45877430.33693913
2018-09-12,45817553.25441139
2018-09-13,46106527.25852056
2018-09-14,46395821.11078985
2018-09-17,46629607.197422676
2018-09-18,46220106.90650741
2018-09-19,46041873.113466375
2018-09-20,45561383.06237396
2018-09-21,45081525.677971646
2018-09-24,44031322.47251987
2018-09-25,43794635.682887815
2018-09-26,43979897.05933012
2018-09-27,43411905.97544137
2018-09-28,42344243.16858766
2018-10-01,42081483.99844181
2018-10-02,42221556.14863962
2018-10-03,42349438.92060813
2018-10-04,41868078.29940122
2018-10-05,41338490.63400979
2018-10-08,40787254.649849825
2018-10-09,40680685.04110528
2018-10-10,41683224.14370701
2018-10-11,41331229.917989776
2018-10-12,42055783.325533494
2018-10-15,42563483.80849741
2018-10-16,43109907.90468236
2018-10-17,42446092.7297516
2018-10-18,42275684.02112202
2018-10-19,42104976.553222075
2018-10-22,41641155.11099145
2018-10-23,41200724.83959409
2018-10-24,41238192.41396498
2018-10-25,41036961.89249132
2018-10-26,40954222.286053814
2018-10-29,41492515.85879679
2018-10-30,41753673.668339215
2018-10-31,42137358.713797934
2018-11-01,42461120.36148141
2018-11-02,42684648.640690796
2018-11-05,42606499.501816526
2018-11-06,42638944.39841956
2018-11-07,43154696.99572021
2018-11-08,43214506.843607135
2018-11-09,43274123.37667212
2018-11-12,43199105.55854804
2018-11-13,43311993.628307626
2018-11-14,43181672.4346745
2018-11-15,43174079.497249
2018-11-16,42998488.26953683
2018-11-19,43070817.022337414
2018-11-20,42662647.54322255
2018-11-21,42689360.07701795
2018-11-22,42572954.05354012
2018-11-23,42476634.13043969
2018-11-26,42380760.588837296
2018-11-27,42363850.13664181
2018-11-28,42216943.023720704
2018-11-29,42224407.455788374
2018-11-30,42258421.403095484
2018-12-03,42235781.52182284
2018-12-04,42230903.6532569
2018-12-05,41853553.068818405
2018-12-06,41519344.03963166
2018-12-07,41441181.03664198
2018-12-10,40863207.11272817
2018-12-11,41236834.09176049
2018-12-12,41851579.90240831
2018-12-13,42025620.88696596
2018-12-14,42077650.04860232
2018-12-17,42173895.533708826
2018-12-18,42283907.81443832
2018-12-19,42608091.894124016
2018-12-20,42602858.30672417
2018-12-21,42322163.322144315
2018-12-24,42076764.11859065
2018-12-26,42046949.68516924
2018-12-27,42076848.800451726
2018-12-28,42314934.11719906
2018-12-31,42540711.0163728
2019-01-01,42715234.006101966
2019-01-02,42589006.82876342
2019-01-03,42376841.011506766
2019-01-04,42461809.81761262
2019-01-07,42622267.97246936
2019-01-08,42684917.79422615
2019-01-09,42565884.37593795
2019-01-10,42561704.13741714
2019-01-11,42673219.63110928
2019-01-14,42606929.27322831
2019-01-15,42880539.413154066
2019-01-16,42985870.43256037
2019-01-17,42867977.672717385
2019-01-18,42653052.58799474
2019-01-21,42326205.97120054
2019-01-22,42078456.06776844
2019-01-23,41969089.37892878
2019-01-24,41790668.460627094
2019-01-25,41251113.77279594
2019-01-28,40502513.75326278
2019-01-29,40424472.46628769
2019-01-30,40514927.16950273
2019-01-31,40677593.876287915
2019-02-01,40744147.35746121
2019-02-04,40341140.74555116
2019-02-05,39916308.16469654
2019-02-06,39669801.51587012
2019-02-07,39817352.21445137
2019-02-08,39559580.80281434
2019-02-11,39251523.92220004
2019-02-12,39016641.09921159
2019-02-13,38832537.9759684
2019-02-14,38895190.678460754
2019-02-15,38652877.65908761
2019-02-18,38407209.68122116
2019-02-19,38580628.105146185
2019-02-20,38792254.43096499
2019-02-21,39053219.43744632
2019-02-22,39523030.656437576
2019-02-25,39803349.45505405
2019-02-26,39588253.012877986
2019-02-27,39521065.52585363
2019-02-28,39786857.450700715
2019-03-01,40471323.933357276
2019-03-04,41003395.986916035
2019-03-05,41511462.81128946
2019-03-06,41915715.53299291
2019-03-07,41939061.910692826
2019-03-08,41810574.737205885
2019-03-11,42208277.30113012
2019-03-12,42557386.228345275
2019-03-13,42534376.042920575
2019-03-14,42629067.02259451
2019-03-15,42538605.18214028
2019-03-18,42494064.91334374
2019-03-19,42569993.82318792
2019-03-20,42355948.13233338
2019-03-21,42289113.21739204
2019-03-22,42223912.422885396
2019-03-25,41850786.08092079
2019-03-26,41783036.84255249
2019-03-27,41682413.74895944
2019-03-28,41977873.0136312
2019-03-29,42127747.26202129
2019-04-01,42591728.0622834
2019-04-02,42575466.588901594
2019-04-03,42288836.753398545
2019-04-04,42223143.403618164
2019-04-05,42478125.07170496
2019-04-08,42333207.41089513
2019-04-09,42330462.949434526
2019-04-10,42304335.21651768
2019-04-11,42294884.14610114
2019-04-12,42564976.915019944
2019-04-15,42715733.25928499
2019-04-16,42819714.020648204
2019-04-17,42713248.977823004
2019-04-18,42597011.89479848
2019-04-22,42256365.42804652
2019-04-23,42155212.994339705
2019-04-24,42227182.97728062
2019-04-25,42194815.600283965
2019-04-26,42064649.78210599
2019-04-29,41864252.68106643
2019-04-30,41660611.850963995
2019-05-01,41585981.86726143
2019-05-02,41511327.371752456
2019-05-03,41378265.56711491
2019-05-06,41210974.04548404
2019-05-07,40924417.36482902
2019-05-08,40495459.75932221
2019-05-09,40340786.91409093
2019-05-10,40367059.2423815
2019-05-13,39769516.169101045
2019-05-14,39724686.43447623
2019-05-15,39658602.56801064
2019-05-16,39612998.49882151
2019-05-17,39771259.9265214
2019-05-20,40766321.84863138
2019-05-21,40545258.06290298
2019-05-22,40601088.19307512
2019-05-23,40527622.936298884
2019-05-24,41304941.01356397
2019-05-27,42111361.47350907
2019-05-28,42200821.52612462
2019-05-29,42117694.0812461
2019-05-30,42074239.44329628
2019-05-31,41846725.12789893
2019-06-03,41693111.45866854
2019-06-04,41594552.239418276
2019-06-05,41361892.947904
2019-06-06,41129045.732539706
2019-06-07,40977616.76794942
2019-06-10,40747729.970583975
2019-06-11,40593548.26450869
2019-06-12,40482252.55559181
2019-06-13,40271096.13766558
2019-06-14,39970876.37831807
2019-06-17,39503394.786631666
2019-06-18,39217557.790468
2019-06-19,38562815.25873877
2019-06-20,38702184.266935095
2019-06-21,38768425.68983479
2019-06-24,38650112.86917938
2019-06-25,38724279.98286119
2019-06-26,38955127.81264308
2019-06-27,39097159.89594864
2019-06-28,39030561.241997056
2019-07-01,39048954.33263807
2019-07-02,39024653.99837166
2019-07-03,39038091.192892514
2019-07-04,39070900.71981299
2019-07-05,38783244.28252279
2019-07-08,38064933.98225244
2019-07-09,37997352.87040805
2019-07-10,37799216.26349802
2019-07-11,37775167.3306544
2019-07-12,37690192.28634009
2019-07-15,37426768.10444627
2019-07-16,37216387.45276848
2019-07-17,37123530.92051364
2019-07-18,36669875.28501254
2019-07-19,36114459.00523677
2019-07-22,35775282.77126401
2019-07-23,35863986.3454456
2019-07-24,35574272.98656618
2019-07-25,35520383.695142105
2019-07-26,35598885.49436188
2019-07-29,35252273.1678175
2019-07-30,34486769.75667541
2019-07-31,34445054.60605327
2019-08-01,34031835.979818486
2019-08-02,33956394.94101132
2019-08-05,33557864.90793654
2019-08-06,33938791.19575582
2019-08-07,33979504.61112445
2019-08-08,34117212.433736324
2019-08-09,34440700.309811644
2019-08-12,34250607.461600326
2019-08-13,34059262.87486323
2019-08-14,34173323.74401615
2019-08-15,34184981.581438616
2019-08-16,34195693.66086389
2019-08-19,34104788.91319077
2019-08-20,33835488.14870762
2019-08-21,33317018.781664968
2019-08-22,32719151.433327287
2019-08-23,32790013.957996473
2019-08-26,33228262.760227717
2019-08-27,33642192.869562164
2019-08-28,33547589.65811636
2019-08-29,33403435.848080214
2019-08-30,33572406.40234802
2019-09-02,33423631.42453448
2019-09-03,33274856.44672096
2019-09-04,33253960.37995632
2019-09-05,33441999.64578837
2019-09-06,33735496.40302279
2019-09-09,34028880.80423212
2019-09-10,34429436.393241175
2019-09-11,34829157.489899725
2019-09-12,35024694.578414455
2019-09-13,35405354.042411886
2019-09-16,35627835.74996297
2019-09-17,35319685.857005246
2019-09-18,35392423.31459359
2019-09-19,34924746.83812064
2019-09-20,35621250.97169555
2019-09-23,36176394.13174209
2019-09-24,36146765.07363449
2019-09-25,35739848.94563721
2019-09-26,35842268.120480336
2019-09-27,35685429.22385645
2019-09-30,35212435.75852737
2019-10-01,35019287.775649354
2019-10-02,34884863.97952231
2019-10-03,34749633.50745644
2019-10-04,34564775.160546064
2019-10-07,34309814.312714934
2019-10-08,34499899.53232303
2019-10-09,34457383.917438835
2019-10-10,34275699.30153071
2019-10-11,34057598.776891604
2019-10-14,33966784.07297089
2019-10-15,33999470.157786965
2019-10-16,33978215.54088647
2019-10-17,34127690.57861884
2019-10-18,34435546.56226339
2019-10-21,34625635.59615557
2019-10-22,34630022.2656527
2019-10-23,34808740.5351975
2019-10-24,34728709.99241355
2019-10-25,34704940.01990104
2019-10-28,35172813.072147876
2019-10-29,35378210.463755
2019-10-30,35381900.67742934
2019-10-31,35583251.12766013
2019-11-01,35817796.96206591
2019-11-04,36072823.44038739
2019-11-05,36021471.276634574
2019-11-06,36083897.66364403
2019-11-07,36266797.43691968
2019-11-08,36238164.866839305
2019-11-11,36190559.1979514
2019-11-12,36056613.034513324
2019-11-13,35887034.04770952
2019-11-14,35683651.846431665
2019-11-15,35546131.75727813
2019-11-18,35333873.91876526
2019-11-19,35308664.765450776
2019-11-20,35167946.877007075
2019-11-21,35126733.16905974
2019-11-22,35251209.645572394
2019-11-25,35374523.35481679
2019-11-26,35336013.8786182
2019-11-27,35434439.791819155
2019-11-28,35468595.36237673
2019-11-29,35475927.50464322
2019-12-02,35383128.474577546
2019-12-03,35149904.448748566
2019-12-04,35181073.67978158
2019-12-05,35293356.0336518
2019-12-06,35052476.82336666
2019-12-09,34881962.16216183
2019-12-10,34460017.69943425
2019-12-11,34323668.962812535
2019-12-12,34399531.43208142
2019-12-13,34693191.90214207
2019-12-16,34656538.822540335
2019-12-17,34781457.48498199
2019-12-18,34807166.30338257
2019-12-19,35004946.38740156
2019-12-20,35044941.073853284
2019-12-23,35076832.49521517
2019-12-24,35025710.38625927
2019-12-26,35163524.73972275
2019-12-27,35450325.178465106
2019-12-30,35800216.61569441
2019-12-31,36002895.77849995
2020-01-01,36203607.72414469
2020-01-02,36795433.95565655
2020-01-03,36784997.37995688
2020-01-06,36151579.759721644
2020-01-07,36429721.690662876
2020-01-08,36332731.17838754
2020-01-09,36902936.67338898
2020-01-10,37168776.891640216
2020-01-13,37546238.15647735
2020-01-14,37705246.48029036
2020-01-15,37978125.842107974
2020-01-16,38258036.117940694
2020-01-17,38509556.860653825
2020-01-20,38280035.43156492
2020-01-21,38321641.56152815
2020-01-22,38342986.707543045
2020-01-23,38602819.20708604
2020-01-24,38793109.855275646
2020-01-27,38769398.74707568
2020-01-28,38594532.32708099
2020-01-29,38764520.742933795
2020-01-30,38537230.27739425
2020-01-31,38352416.51908734
2020-02-03,37400777.41906228
2020-02-04,37773926.392602034
2020-02-05,37882672.061047554
2020-02-06,38119785.22785658
2020-02-07,38164387.41191046
2020-02-10,38091851.5689582
2020-02-11,37944460.16099798
2020-02-12,37719146.02311175
2020-02-13,37631350.39793096
2020-02-14,37439270.25797581
2020-02-17,36977238.34382609
2020-02-18,36552766.01230027
2020-02-19,36769534.08142461
2020-02-20,36799654.44692083
2020-02-21,36616758.261112094
2020-02-24,36428725.85377588
2020-02-25,36315291.04600006
2020-02-26,36101826.60188129
2020-02-27,35898248.969303414
2020-02-28,34982533.10223062
2020-03-02,34773224.758258484
2020-03-03,34736548.94497739
2020-03-04,34335009.39320796
2020-03-05,34449494.41437228
2020-03-06,33717970.292779215
2020-03-09,32633000.314220212
2020-03-10,32573799.232184753
2020-03-11,32546651.150000393
2020-03-12,30728880.48092105
2020-03-13,30832521.214929428
2020-03-16,29814173.196898803
2020-03-17,29465374.27992741
2020-03-18,28609660.809046738
2020-03-19,27968511.09340869
2020-03-20,28206742.70973833
2020-03-23,26581388.933868296
2020-03-24,26314685.162153408
2020-03-25,26484358.89627353
2020-03-26,26916321.962283395
2020-03-27,27002802.513209175
2020-03-30,26816647.348257
2020-03-31,27184918.75351583
2020-04-01,27269306.63236552
2020-04-02,27278742.542327825
2020-04-03,27265891.717140544
2020-04-06,27629827.073976617
2020-04-07,27999017.75312923
2020-04-08,28277570.99030115
2020-04-09,29129305.81151465
2020-04-13,29285687.21627025
2020-04-14,29395086.32455676
2020-04-15,29508519.97207201
2020-04-16,29892216.629250877
2020-04-17,30263694.77601998
2020-04-20,30621366.503425274
2020-04-21,30157458.506217312
2020-04-22,30329703.020244937
2020-04-23,30522313.33770685
2020-04-24,30262430.937389955
2020-04-27,30368774.062564757
2020-04-28,30482270.973798264
2020-04-29,30694311.39282972
2020-04-30,30767375.378473207
2020-05-01,30496593.945928045
2020-05-04,30225261.67223357
2020-05-05,30052535.154653765
2020-05-06,29998585.086566705
2020-05-07,29934857.76513863
2020-05-08,29884292.892570954
2020-05-11,29865380.07664752
2020-05-12,29732850.266436394
2020-05-13,30130674.55707911
2020-05-14,30140958.589710094
2020-05-15,30140676.857388355
2020-05-18,29665798.121303618
2020-05-19,29615159.36896621
2020-05-20,29670596.173601758
2020-05-21,29886966.542676333
2020-05-22,29762319.34748226
2020-05-26,29856057.365038965
2020-05-27,30030458.66304399
2020-05-28,30410186.517971706
2020-05-29,30628325.345925067
2020-06-01,31098793.888352316
2020-06-02,31530785.709226865
2020-06-03,31833325.546840467
2020-06-04,31902475.596564617
2020-06-05,32782744.677694194
2020-06-08,33314059.22362426
2020-06-09,33226209.34741504
2020-06-10,33497795.430110097
2020-06-11,33260772.392679513
2020-06-12,33259669.022367865
2020-06-15,33400132.16806425
2020-06-16,33453743.711246654
2020-06-17,33724458.97686635
2020-06-18,34327114.05670402
2020-06-19,34842244.11076839
2020-06-22,35465615.78904205
2020-06-23,36059425.00090071
2020-06-24,36087391.81190455
2020-06-25,36197348.35739979
2020-06-26,36557005.97469685
2020-06-29,36247515.99718303
2020-06-30,36031247.809699215
2020-07-01,36132865.60017196
2020-07-02,36450471.81208695
2020-07-03,36555088.66149462
2020-07-06,36888709.835185304
2020-07-07,37008512.419791065
2020-07-08,37040031.85918056
2020-07-09,37066812.87470386
2020-07-10,36740360.1964459
2020-07-13,36640504.01243214
2020-07-14,36269189.42796314
2020-07-15,36039020.13513642
2020-07-16,35876558.7371425
2020-07-17,36139837.84816351
2020-07-20,36288870.455120444
2020-07-21,36492674.0788382
2020-07-22,36530872.806510516
2020-07-23,36725823.07137449
2020-07-24,36618104.11376517
2020-07-27,36274192.83014422
2020-07-28,36279047.62086152
2020-07-29,36343326.18857358
2020-07-30,36217117.93306502
2020-07-31,36248353.419427276
2020-08-03,36451492.23263463
2020-08-04,36866059.26818967
2020-08-05,37177329.767573416
2020-08-06,37631006.528993614
2020-08-07,38095042.456700005
2020-08-10,38670539.31468033
2020-08-11,38972333.28931887
2020-08-12,39243974.628875494
2020-08-13,39543039.3829354
2020-08-14,39424098.08223505
2020-08-17,39753991.10072978
2020-08-18,40353626.90972531
2020-08-19,41008743.60638894
2020-08-20,41488135.64112113
2020-08-21,41978685.45931247
2020-08-24,42373922.9944815
2020-08-25,42652086.16181991
2020-08-26,43047863.158394136
2020-08-27,43261038.15529132
2020-08-28,43128688.05602597
2020-08-31,41690387.42754317
2020-09-01,41488065.7677058
2020-09-02,41772994.9147298
2020-09-03,42067864.148714855
2020-09-04,41950332.41603064
2020-09-07,41777029.57606027
2020-09-08,41514311.87832241
2020-09-09,41165278.89739208
2020-09-10,41625924.78640552
2020-09-11,41673909.976755805
2020-09-14,42240652.38690865
2020-09-15,42905860.06771734
2020-09-16,43098186.77964419
2020-09-17,43031706.84871072
2020-09-18,43211027.96640488
2020-09-21,42395358.42903082
2020-09-22,42030775.99113979
2020-09-23,41983490.81751706
2020-09-24,41384554.8831316
2020-09-25,42033220.79676196
2020-09-28,42738834.75701684
2020-09-29,42826682.82702101
2020-09-30,42871853.16374285
2020-10-01,43050366.85276562
2020-10-02,43136621.40539463
2020-10-05,43223555.38977158
2020-10-06,43371069.20756871
2020-10-07,43251149.55009339
2020-10-08,43249195.06922504
2020-10-09,43342860.3736988
2020-10-12,43064038.21143944
2020-10-13,42937246.49774333
2021-01-01,55948051.32869765
2021-01-04,56792908.463603325
2021-01-05,57277574.94288951
2021-01-06,57474278.399171755
2021-01-07,58013298.9765921
2021-01-08,58254555.8969133
2021-01-11,58319960.96371691
2021-01-12,58820425.17307289
2021-01-13,58707883.24222544
2021-01-14,58819309.31377633
2021-01-15,58414330.65981271
2021-01-18,57780683.791522205
2021-01-19,58476400.413132966
2021-01-20,58789532.893418975
2021-01-21,58391668.575347915
2021-01-22,58087837.61467326
2021-01-25,57625734.40127538
2021-01-26,57472214.16153528
2021-01-27,57318693.92179522
2021-01-28,57494475.72790408
2021-01-29,57515564.80427399
2021-02-01,58241319.26852268
2021-02-02,58605123.214821085
2021-02-03,58971673.521355875
2021-02-04,59434581.48101688
2021-02-05,59406865.03866921
2021-02-08,59971695.51997217
2021-02-09,59794416.19094499
2021-02-10,59906501.58245335
2021-02-11,60198704.82810824
2021-02-12,60419213.12379201
2021-02-15,60493775.43992335
2021-02-16,60538568.46094525
2021-02-17,60873637.59305431
2021-02-18,61177553.81363134
2021-02-19,60997067.05371794
2021-02-22,60681641.47865457
2021-02-23,61050295.88420999
2021-02-24,61569261.83951923
2021-02-25,62161740.67710663
2021-02-26,61981477.965004936
2021-03-01,62665538.17319965
2021-03-02,63275944.49488441
2021-03-03,64000452.251758784
2021-03-04,64312470.786308534
2021-03-05,63866520.76766766
2021-03-08,64388476.60890786
2021-03-09,64205360.6168072
2021-03-10,64507978.723009475
2021-03-11,64455184.9060118
2021-03-12,64402391.089013994
2021-03-15,64058148.596985444
2021-03-16,64118280.88606919
2021-03-17,63245866.638532355
2021-03-18,62409096.99273179
2021-03-19,62467625.314126395
2021-03-22,62563028.76373368
2021-03-23,62939818.94130402
2021-03-24,62302423.80744659
2021-03-25,61360109.31309211
2021-03-26,61495975.25232151
2021-03-29,61549517.112217024
2021-03-30,61603058.972112425
2021-03-31,61571295.25842111
2021-04-01,62758884.86436249
2021-04-05,62280126.7335789
2021-04-06,62621061.5173749
2021-04-07,63103163.553631805
2021-04-08,63635724.303622246
2021-04-09,63976208.201680824
2021-04-12,61719769.2952144
2021-04-13,62329019.96240995
2021-04-14,62244379.90076481
2021-04-15,62159739.83911976
2021-04-16,62370619.088291995
2021-04-19,61367369.142996326
2021-04-20,61641370.957769625
2021-04-21,62003202.956781924
2021-04-22,62365034.95579419
2021-04-23,62772987.49621582
2021-04-26,63525851.74372004
2021-04-27,64381489.168154895
2021-04-28,64869031.183576666
2021-04-29,65001204.66691356
2021-04-30,65082558.54827963
2021-05-03,65833259.45141685
2021-05-04,65809757.65742697
2021-05-05,66322265.36405654
2021-05-06,66840046.50096879
2021-05-07,67462106.43395673
2021-05-10,68675299.65547204
2021-05-11,69419635.2434154
2021-05-12,69678873.47989659
2021-05-13,69551807.95542413
2021-05-14,69424742.43095177
2021-05-17,70295937.84227052
2021-05-18,70837514.66824389
2021-05-19,71337691.17554165
2021-05-20,71781926.28660896
2021-05-21,72369005.61146742
2021-05-24,73321912.72198364
2021-05-25,73930337.75843756
2021-05-26,74801834.15854508
2021-05-27,75010409.77140465
2021-05-28,74806381.4382831
2021-05-31,75095416.51765321
2021-06-01,74846140.04594976
2021-06-02,76093006.96499227
2021-06-03,77102282.94508018
2021-06-04,77931606.1200798
2021-06-07,79711430.54636323
2021-06-08,80637055.22920318
2021-06-09,80778818.71410137
2021-06-10,82203530.39640869
2021-06-11,82702104.79300438
2021-06-14,82974949.52955563
2021-06-15,84041145.65852356
2021-06-16,84196362.94522087
2021-06-17,84368278.42335713
2021-06-18,83985928.41677296
2021-06-21,84794073.44138183
2021-06-22,85831627.03580616
2021-06-23,86105484.54248391
2021-06-24,85964873.11025664
2021-06-25,86495329.13001297
2021-06-28,87268463.8397744
2021-06-29,87710562.33516333
2021-06-30,88310616.11817923
2021-07-01,88527349.73199764
2021-07-02,88898458.03734232
2021-07-05,89641892.647454
2021-07-06,89788917.05748026
2021-07-07,90111250.94690396
2021-07-08,90208147.64214195
2021-07-09,90631213.49079262
2021-07-12,91427566.42528698
2021-07-13,91919265.54216848
2021-07-14,92372916.57541594
2021-07-15,92605258.59020926
2021-07-16,93056969.70164718
2021-07-19,93421208.82676026
2021-07-20,93179797.0090849
2021-07-21,93590536.00876613
2021-07-22,94001425.71492727
2021-07-23,94464686.63260266
2021-07-26,94869804.37463021
2021-07-27,95136424.69301295
2021-07-28,95296393.43911202
2021-07-29,95765436.61295417
2021-07-30,96113518.19831543
2021-08-02,97019453.01831375
2021-08-03,97320165.54787846
2021-08-04,97041711.98287109
2021-08-05,96858932.05747126
2021-08-06,97345039.91522752
2021-08-09,97280158.58239032
2021-08-10,96239156.3999329
2021-08-11,95828594.36615407
2021-08-12,96794416.60717721
2021-08-13,96879967.11389285
2021-08-16,96476249.2154843
2021-08-17,96112185.9113702
2021-08-18,95631022.23513657
2021-08-19,95286993.38317809
2021-08-20,94950740.3258138
2021-08-23,94072754.55996108
2021-08-24,94514450.27269666
2021-08-25,94775718.99420282
2021-08-26,94872594.17934854
2021-08-27,95109497.39088109
2021-08-30,95503584.6199707
2021-08-31,95448980.67875172
2021-09-01,95410948.18730552
2021-09-02,95642846.75697595
2021-09-03,95711271.27472684
2021-09-06,95882054.23055425
2021-09-07,95825624.02167399
2021-09-08,96110061.85897693
2021-09-09,96324901.08763604
2021-09-10,96424399.50909054
2021-09-13,96521406.75937513
2021-09-14,97133029.22907789
2021-09-15,97567926.75323276
2021-09-16,97905115.15411827
2021-09-17,97802348.82940856
2021-09-20,97640768.9046067
2021-09-21,98012132.53208245
2021-09-22,98668477.15058881
2021-09-23,99167177.10185167
2021-09-24,99192727.34873354
2021-09-27,99519704.38587487
2021-09-28,99602338.60540718
2021-09-29,99912049.40756027
2021-09-30,100268861.24082392
2021-10-01,101027654.48226438
2021-10-04,101821480.4795938
2021-10-05,102488558.12412982
2021-10-06,102634250.56685053
2021-10-07,103343119.41717558
2021-10-08,103739041.61058584
2021-10-11,104275326.11493826
2021-10-12,104670190.53598736
2021-10-13,104848571.13120252
2021-10-14,105180978.81754632
2021-10-15,105328264.68279089
2021-10-18,105474393.51118861
2021-10-19,104816935.81594263
2021-10-20,104098232.38418795
2021-10-21,103826590.81933434
2021-10-22,103491426.26064965
2021-10-25,102732576.68628734
2021-10-26,103137081.3031134
2021-10-27,103182128.99057709
2021-10-28,102681551.53311852
2021-10-29,102740123.6473074
2021-11-01,103248715.59603769
2021-11-02,103564887.03943457
2021-11-03,103768784.23604333
2021-11-04,104621809.46579093
2021-11-05,104734849.27246027
2021-11-08,104852914.13321356
2021-11-09,105269286.03983255
2021-11-10,105567332.71634592
2021-11-11,105598622.25121263
2021-11-12,105882025.51369724
2021-11-15,105882330.40110976
2021-11-16,106288975.0376706
2021-11-17,106538342.16733217
2021-11-18,106305091.78925152
2021-11-19,105897958.0615284
2021-11-22,105484516.01751626
2021-11-23,106482711.72854093
2021-11-24,107026235.63032934
2021-11-25,107735124.57333866
2021-11-26,107402335.90527232
2021-11-29,106887507.3992908
2021-11-30,107213580.43371329
2021-12-01,107777162.69192335
2021-12-02,108504623.65577906
2021-12-03,108930186.49115548
2021-12-06,109107761.22578508
2021-12-07,109826529.5671977
2021-12-08,110347953.80770302
2021-12-09,111027136.94770175
2021-12-10,111918374.01860219
2021-12-13,112798195.25783813
2021-12-14,113579294.91883382
2021-12-15,114131344.77758597
2021-12-16,114570609.3715832
2021-12-17,114119878.55272503
2021-12-20,113145603.79268737
2021-12-21,114028271.39678168
2021-12-22,115079458.78498693
2021-12-23,116059473.76662236
2021-12-24,116670665.0730924
2021-12-27,117453165.9534903
2021-12-28,117957759.36558522
2021-12-29,118154958.72545081
2021-12-30,118345882.75549036
2021-12-31,118886606.23180348
2022-01-03,119449552.17813738
2022-01-04,119658488.8362812
2022-01-05,119887248.4976373
2022-01-06,120191257.74306537
2022-01-07,120377809.02118702
2022-01-10,121002067.3926746
2022-01-11,121364490.92281121
2022-01-12,121513251.4778637
2022-01-13,121638407.15932785
2022-01-14,121937095.11101273
2022-01-17,122321565.46751706
2022-01-18,122014161.32673022
2022-01-19,122003980.82441497
2022-01-20,122225937.55067848
2022-01-21,121841708.62363659
2022-01-24,120841164.18949997
2022-01-25,121143226.41174564
2022-01-26,121186659.5715876
2022-01-27,121230092.73142974
2022-01-28,121459841.81648587
2022-01-31,121588371.8360783
2022-02-01,121676342.47131358
2022-02-02,122001552.1228591
2022-02-03,122106648.09597886
2022-02-04,122088908.51110256
2022-02-07,122081040.18371068
2022-02-08,121977102.69229344
2022-02-09,122051539.3381656
2022-02-10,122137695.28080256
2022-02-11,121897456.96798745
2022-02-14,121083361.43269047
2022-02-15,121269430.29787573
2022-02-16,121460232.09367545
2022-02-17,121358605.37489255
2022-02-18,121122806.9007964
2022-02-21,120641978.38606799
2022-02-22,120041073.38823414
2022-02-23,120253595.08464822
2022-02-24,118616268.88077343
2022-02-25,119496827.7180063
2022-02-28,119722302.03712194
2022-03-01,119758882.06530377
2022-03-02,119795462.09348555
2022-03-03,119993723.88026299
2022-03-04,119842321.85996628
2022-03-07,119359930.34288251
2022-03-08,119719262.2969759
2022-03-09,120326882.97811711
2022-03-10,120727773.90515405
2022-03-11,121000509.73966092
2022-03-14,121098702.50815532
2022-03-15,121093043.72357994
2022-03-16,121613343.90115133
2022-03-17,121834367.5972012
2022-03-18,121879898.7147411
2022-03-21,121925429.83228096
2022-03-22,121948164.25706105
2022-03-23,121966346.82219881
2022-03-24,121962856.05954342
2022-03-25,121911322.27550912
2022-03-28,121588835.82840182
2022-03-29,121363762.89560828
2022-03-30,121408793.50157787
2022-03-31,121189053.54168686
2022-04-01,122026773.48046008
2022-04-04,122551974.57980274
2022-04-05,123030482.42473176
2022-04-06,123490951.58039328
2022-04-07,123595964.85248515
2022-04-08,123778978.6459027
2022-04-11,123851549.7505855
2022-04-12,123537694.569705
2022-04-13,123685386.19440584
2022-04-14,123621507.58323811
2022-04-18,123557628.97207029
2022-04-19,123255917.88555898
2022-04-20,123302433.76984549
2022-04-21,123635302.76551762
2022-04-22,123661739.31391586
2022-04-25,123425524.53506084
2022-04-26,123535609.41747172
2022-04-27,123424203.47287638
2022-04-28,123459880.16461349
2022-04-29,123285247.526376
2022-05-02,123241263.14767271
2022-05-03,123054640.17263106
2022-05-04,122868017.1975892
2022-05-05,122991504.45219618
2022-05-06,122717195.65756893
2022-05-09,122361081.3404896
2022-05-10,122130731.93489988
2022-05-11,121668253.26173222
2022-05-12,121235597.32938391
2022-05-13,121544025.3931799
2022-05-16,121767967.77322401
2022-05-17,122275241.08654194
2022-05-18,122430028.71884985
2022-05-19,121869639.81360106
2022-05-20,122213775.13323791
2022-05-23,122090912.67521195
2022-05-24,121815944.63693003
2022-05-25,121274759.48917522
2022-05-26,121252120.1144813
2022-05-27,121411996.84547591
2022-05-30,121595355.55828995
2022-05-31,121535383.53066096
2022-06-01,121516539.69444902
2022-06-02,121581231.4536169
2022-06-03,121474791.43196787
2022-06-06,121391468.57120574
2022-06-07,121294234.85079114
2022-06-08,121167115.91519506
2022-06-09,121219748.3712455
2022-06-10,121016667.05419953
2022-06-13,120332185.621199
2022-06-14,120201751.89418256
2022-06-15,120246878.2643864
2022-06-16,119611530.38711937
2022-06-17,119425394.6362155
2022-06-20,118663155.78154945
2022-06-21,119226459.61030366
2022-06-22,119095431.8548048
2022-06-23,119324568.10712768
2022-06-24,119616255.80442365
2022-06-27,119923265.7437722
2022-06-28,120125652.93871687
2022-06-29,120176879.65423693
2022-06-30,119933501.63858324
2022-07-01,120084764.95105578
2022-07-04,120411873.60669379
2022-07-05,120466228.36787693
2022-07-06,120743666.4581008
2022-07-07,121422398.47585352
2022-07-08,121580725.83198799
2022-07-11,122064225.80374071
2022-07-12,122122082.9285946
2022-07-13,122199592.79191643
2022-07-14,121992971.07134582
2022-07-15,122036837.15780976
2022-07-18,122775003.51177089
2022-07-19,123210657.12360312
2022-07-20,123450342.25843334
2022-07-21,123913953.63976687
2022-07-22,124035584.51353252
2022-07-25,123953996.31855154
2022-07-26,123626957.38789521
2022-07-27,123772474.56021306
2022-07-28,123988982.67596704
2022-07-29,124428758.43489216
2022-08-01,125301499.0040697
2022-08-02,125842450.2749082
2022-08-03,125569347.36261226
2022-08-04,125656329.27018216
2022-08-05,125883839.59347296
2022-08-08,126113448.69961558
2022-08-09,126016707.56228873
2022-08-10,125915297.7481249
2022-08-11,126065687.02914034
2022-08-12,126174537.00830685
2022-08-15,126456654.20220774
2022-08-16,126737083.24167734
2022-08-17,127359177.533229
2022-08-18,127838593.70767002
2022-08-19,127781625.79788277
2022-08-22,127237041.69159466
2022-08-23,127764032.71561472
2022-08-24,128410677.15537946
2022-08-25,128927024.03965299
2022-08-26,129201486.1227723
2022-08-29,129028968.83051538
2022-08-30,129897533.8150856
2022-08-31,130062774.44314675
2022-09-01,130222475.53036986
2022-09-02,130375506.81401655
2022-09-05,131236245.03379424
2022-09-06,131325767.12596433
2022-09-07,132096868.36905959
2022-09-08,132685486.00068587
2022-09-09,132890222.60928895
2022-09-12,133681800.91173986
2022-09-13,134246557.30062097
2022-09-14,134756161.70921886
2022-09-15,135046823.68314338
2022-09-16,133686489.34946768
2022-09-19,133755301.62703744
2022-09-20,134324080.3631766
2022-09-21,133874215.72535858
2022-09-22,134213630.58392736
2022-09-23,133505666.35101329
2022-09-26,131652685.85391217
2022-09-27,131943135.24010393
2022-09-28,131657645.28760387
2022-09-29,131786185.59936856
2022-09-30,132657216.10837747
2022-10-03,132431513.98203066
2022-10-04,133479442.4228726
2022-10-05,133892063.94630818
2022-10-06,134314755.4075253
2022-10-07,134607481.06354532
2022-10-10,134361158.06724754
2022-10-11,133690844.46623139
2022-10-12,133743445.77440226
2022-10-13,133590006.17022875
2022-10-14,133642675.94084784
2022-10-17,133726659.65337566
2022-10-18,133919140.45727247
2022-10-19,133754919.17832798
2022-10-20,133560239.00806876
2022-10-21,133432566.15285294
2022-10-24,134313644.1984447
2022-10-25,134167435.51735549
2022-10-26,134436096.28294742
2022-10-27,134704944.35098952
2022-10-28,134552601.5939264
2022-10-31,134662786.22217137
2022-11-01,134663477.70212537
2022-11-02,134640592.2398765
2022-11-03,134869636.29394308
2022-11-04,135482504.2839467
2022-11-07,136116252.67313188
2022-11-08,136273387.26900557
2022-11-09,136429697.38405687
2022-11-10,136187640.15565714
2022-11-11,136431786.42189112
2022-11-14,136567932.19219673
2022-11-15,136491446.59494224
2022-11-16,136222063.06442845
2022-11-17,136139580.40546793
2022-11-18,135849918.35453567
2022-11-21,135655492.35339522
2022-11-22,135370305.49202415
2022-11-23,135465055.74981594
2022-11-24,135600655.07662156
2022-11-25,136113039.66119307
2022-11-28,136489627.2408087
2022-11-29,136632721.88944024
2022-11-30,137001807.88514194
2022-12-01,137268477.15280285
2022-12-02,137624943.61354366
2022-12-05,138210487.65384358
2022-12-06,138267144.42826936
2022-12-07,138114415.89121738
2022-12-08,138534260.5448465
2022-12-09,137736687.86748716
2022-12-12,137900457.80650574
2022-12-13,138382685.63654658
2022-12-14,138761341.050592
2022-12-15,138497740.01993147
2022-12-16,137961063.17927602
2022-12-19,138600351.79117632
2022-12-20,138557065.987027
2022-12-21,137012846.90143257
2022-12-22,135620682.48686704
2022-12-23,133238695.6876626
2022-12-26,135073720.96345356
2022-12-27,135768503.73953772
2022-12-28,136073819.0298522
2022-12-29,136116670.39777255
2022-12-30,136514733.88489977
2023-01-02,136942414.27562225
2023-01-03,137173347.91198328
2023-01-04,136938365.60720253
2023-01-05,136911498.5979925
2023-01-06,136733535.5899541
2023-01-09,136881891.9421528
2023-01-10,136702386.19293845
2023-01-11,136838032.58256784
2023-01-12,136703786.12117788
2023-01-13,136898057.6794542
2023-01-16,136919716.98965243
2023-01-17,136799240.8815274
2023-01-18,136935741.87212074
2023-01-19,136883055.97596022
2023-01-20,136734356.9459418
2023-01-23,136759468.7324882
2023-01-24,136729809.15609425
2023-01-25,136264158.19016698
2023-01-26,135826692.00162303
2023-01-27,135389225.81307915
2023-01-30,135089232.19111764
2023-01-31,135566734.9965807
2023-02-01,135022416.0374772
2023-02-02,134823946.0281955
2023-02-03,134355823.1005687
2023-02-06,134534725.4914196
2023-02-07,134477623.07035184
2023-02-08,134677446.91728956
2023-02-09,134765011.95665053
2023-02-10,134996986.14352918
2023-02-13,134449015.4212581
2023-02-14,134106034.14341272
2023-02-15,134015996.34254746
2023-02-16,134159238.62030698
2023-02-17,134084069.12341286
2023-02-20,134030633.65027165
2023-02-21,133978879.06897292
2023-02-22,133574556.26224792
2023-02-23,133556033.24232699
2023-02-24,133375744.5584252
2023-02-27,132707271.21524605
2023-02-28,132722957.22726026
2023-03-01,133279899.65323742
2023-03-02,133311343.01700842
2023-03-03,133398329.2376359
2023-03-06,133608399.66273914
2023-03-07,133675054.95330077
2023-03-08,133741710.2438626
2023-03-09,133660296.0385173
2023-03-10,133496186.44486544
2023-03-13,132609339.50817224
2023-03-14,132205960.66479012
2023-03-15,132101619.58735874
2023-03-16,131847976.37931244
2023-03-17,131858070.6461855
2023-03-20,131418637.71486159
2023-03-21,131529830.7151403
2023-03-22,131757023.19404505
2023-03-23,131610516.92428903
2023-03-24,131172836.40671757
2023-03-27,130441082.91195321
2023-03-28,129835327.08125971
2023-03-29,130079971.90749209
2023-03-30,130367018.18389069
2023-03-31,130654064.46028908
2023-04-03,132145594.75130923
2023-04-04,132604491.83446589
2023-04-05,133063388.91762264
2023-04-06,133743928.13851106
2023-04-10,133990126.11877248
2023-04-11,134398650.76006812
2023-04-12,134678834.05310768
2023-04-13,134856212.171465
2023-04-14,134879028.6674909
2023-04-17,134901845.16351718
2023-04-18,135150008.4570974
2023-04-19,135260994.39532986
2023-04-20,135481063.03374624
2023-04-21,135441906.5071738
2023-04-24,135631366.1274622
2023-04-25,135660267.41948578
2023-04-26,135928830.7088433
2023-04-27,136296024.04761094
2023-04-28,136640583.32948568
2023-05-01,136766147.16855666
2023-05-02,136891711.00762746
2023-05-03,137040451.33229873
2023-05-04,137351331.8934575
2023-05-05,137180133.3581693
2023-05-08,137382303.4908547
2023-05-09,137475577.8636113
2023-05-10,137695054.30404136
2023-05-11,137983881.47447157
2023-05-12,137950695.4682775
2023-05-15,138088198.76652098
2023-05-16,138293988.03043184
2023-05-17,138383213.8116222
2023-05-18,138409361.28568122
2023-05-19,138451209.95139247
2023-05-22,138574272.74040595
2023-05-23,138612470.34611914
2023-05-24,138687409.25780275
2023-05-25,138700139.13119605
2023-05-26,138851890.20803192
2023-05-29,139117305.3003893
2023-05-30,139280087.13505083
2023-05-31,139464751.0640989
2023-06-01,139817462.524521
2023-06-02,140397513.8695235
2023-06-05,140913905.5014898
2023-06-06,141435609.88205925
2023-06-07,142092046.2722134
2023-06-08,142118331.7799132
2023-06-09,142422705.66301566
2023-06-12,142989170.7216539
2023-06-13,143519658.34106463
2023-06-14,143863333.38423312
2023-06-15,143990450.18858266
2023-06-16,144262525.34857345
2023-06-19,144169604.4715168
2023-06-20,144266118.3979666
2023-06-21,144411374.2962351
2023-06-22,144098294.92562073
2023-06-23,143728187.81167608
2023-06-26,143781375.85307875
2023-06-27,144092330.31234074
2023-06-28,144186876.51949292
2023-06-29,144440720.74696383
2023-06-30,144696399.0225342
2023-07-03,145041308.18513206
2023-07-04,145078310.5858911
2023-07-05,145486783.82459468
2023-07-06,145837552.93426827
2023-07-07,146031406.86523277
2023-07-10,145762862.8384371
2023-07-11,145958594.6844596
2023-07-12,146132339.51501885
2023-07-13,145859436.273978
2023-07-14,146504147.17557642
2023-07-17,146934621.58308208
2023-07-18,146623342.459115
2023-07-19,146961752.59386775
2023-07-20,147091568.25306734
2023-07-21,147267324.55056325
2023-07-24,147215470.48962674
2023-07-25,147258263.19967967
2023-07-26,147513631.55119112
2023-07-27,147696787.41364816
2023-07-28,147712468.35075814
2023-07-31,148194029.76845723
2023-08-01,148751631.8960115
2023-08-02,148267257.82884285
2023-08-03,148589404.02853313
2023-08-04,149412631.81186906
2023-08-07,150078113.92033714
2023-08-08,150401014.38568124
2023-08-09,150999003.94114545
2023-08-10,151045750.45624462
2023-08-11,150659525.56449035
2023-08-14,150367939.9396616
2023-08-15,150467789.47618988
2023-08-16,150570288.92810777
2023-08-17,150919397.54079884
2023-08-18,150950310.04822913
2023-08-21,151334365.2730766
2023-08-22,151830272.6536058
2023-08-23,152366791.36613673
2023-08-24,152648023.89758113
2023-08-25,152451661.1234609
2023-08-28,152991151.37381348
2023-08-29,153680645.38566855
2023-08-30,154456861.38095543
2023-08-31,154682621.57565087
2023-09-01,155286723.7813408
2023-09-04,156329413.72432366
2023-09-05,156901693.9642276
2023-09-06,157455980.08861652
2023-09-07,158393421.6755916
2023-09-08,158717734.31470883
2023-09-11,159305992.4981378
2023-09-12,156586954.14001223
2023-09-13,157337506.2733286
2023-09-14,158185576.66825143
2023-09-15,158346412.84951285
2023-09-18,158379033.75803363
2023-09-19,158305641.43100277
2023-09-20,158232476.41717735
2023-09-21,157816569.37030378
2023-09-22,157927250.32582518
2023-09-25,157973304.51470634
2023-09-26,158180512.29514164
2023-09-27,158611469.83780965
2023-09-28,158268745.60667804
2023-09-29,158850105.54823458
2023-10-02,158887312.7196033
2023-10-03,158926061.99523628
2023-10-04,158615297.6489656
2023-10-05,159151425.6873561
2023-10-06,159809776.81107908
2023-10-09,158430761.1135715
2023-10-10,159321852.8223902
2023-10-11,160081046.29053938
2023-10-12,160535651.27297938
2023-10-13,160743947.87457794
2023-10-16,161249223.92402235
2023-10-17,161685869.9145735
2023-10-18,161418493.61507595
2023-10-19,161851478.19816822
2023-10-20,161404556.56425485
2023-10-23,158394450.24212658
2023-10-24,158018722.1721421
2023-10-25,157645808.12490776
2023-10-26,157213689.9862909
2023-10-27,158668487.4671352
2023-10-30,158975881.18331727
2023-10-31,159064688.32521442
2023-11-01,159111948.5366585
2023-11-02,159673052.0572802
2023-11-03,160401569.36343268
2023-11-06,161305123.19888476
2023-11-07,161662241.3635598
2023-11-08,161801030.07307166
2023-11-09,161636741.21878016
2023-11-10,161778357.7012353
2023-11-13,163040673.08181745
2023-11-14,163371289.83386114
2023-11-15,163701385.80276132
2023-11-16,164076699.3893644
2023-11-17,164368321.70034844
2023-11-20,164453641.64939365
2023-11-21,164818952.6967089
2023-11-22,164732768.6866098
2023-11-23,165161121.95469257
2023-11-24,165392992.0499862
2023-11-27,165558449.31425187
2023-11-28,165729485.32096446
2023-11-29,166073052.3568616
2023-11-30,166380480.12084714
2023-12-01,166744704.09692872
2023-12-04,167440051.30426133
2023-12-05,167469517.7690532
2023-12-06,167705252.53363645
2023-12-07,168420586.2153362
2023-12-08,168397259.56135628
2023-12-11,169356147.45305163
2023-12-12,169572486.9352423
2023-12-13,170082211.42226484
2023-12-14,170374423.64029467
2023-12-15,170843528.34608358
2023-12-18,171368682.79597595
2023-12-19,171784604.23107892
2023-12-20,168777937.23636243
2023-12-21,170111708.5709295
2023-12-22,171040403.16785416
2023-12-26,171986192.19000143
2023-12-27,172192325.72949576
2023-12-28,172278863.7005731
2023-12-29,172445560.4632204
2024-01-01,172920442.0360087
2024-01-02,173229712.74184835
2024-01-03,173497233.765053
2024-01-04,173924513.49979815
2024-01-05,174331813.6595143
2024-01-08,174516129.0405338
2024-01-09,174804634.44054058
2024-01-10,175053622.90012655
2024-01-11,175490441.31047046
2024-01-12,175761701.92154694
2024-01-15,175953735.3945854
2024-01-16,175640311.9391912
2024-01-17,175289946.99585554
2024-01-18,175186243.539876
2024-01-19,175508187.58982623
2024-01-22,175246522.24771106
2024-01-23,174967656.2281123
2024-01-24,175174281.76139095
2024-01-25,175439569.81389132
2024-01-26,175641984.72017774
2024-01-29,175841275.0905588
2024-01-30,176047483.8564319
2024-01-31,176591965.39964014
2024-02-01,176609649.3709473
2024-02-02,176711788.30150703
2024-02-05,176559213.40052247
2024-02-06,176886908.98764572
2024-02-07,177384280.0078576
2024-02-08,177134223.97526485
2024-02-09,176603090.71920058
2024-02-12,175506827.941232
2024-02-13,175249305.26687017
2024-02-14,175709462.1407969
2024-02-15,175902286.9662447
2024-02-16,176100389.94221994
2024-02-19,176531469.8299098
2024-02-20,176653326.62016347
2024-02-21,176421939.21317732
2024-02-22,176538735.25798023
2024-02-23,176707903.79573715
2024-02-26,176614360.76976684
2024-02-27,176386754.893499
2024-02-28,175597985.9676158
2024-02-29,175515730.65069562
2024-03-01,175776670.36820284
2024-03-04,175820475.54058418
2024-03-05,175482129.60076475
2024-03-06,174626891.72642896
2024-03-07,174796757.4916922
2024-03-08,174320308.01751968
2024-03-11,173885089.9069276
2024-03-12,172966715.00547114
2024-03-13,171132083.04035512
2024-03-14,171928596.0606448
2024-03-15,171863675.0990719
2024-03-18,171962318.979133
2024-03-19,171636141.3525219
2024-03-20,171418089.58290645
2024-03-21,171821261.85709354
2024-03-22,172058839.40168744
2024-03-25,171813432.99663946
2024-03-26,171551907.9993859
2024-03-27,171086736.2231636
2024-03-28,170941013.64860645
2024-04-01,172395905.20148125
2024-04-02,173184277.4629345
2024-04-03,174056606.42036313
2024-04-04,174506275.81372172
2024-04-05,174853063.6619661
2024-04-08,174828561.46699098
2024-04-09,174730428.44571695
2024-04-10,174829661.5550631
2024-04-11,174783948.28162155
2024-04-12,174720709.7404551
2024-04-15,174060719.97453862
2024-04-16,174440228.98958147
2024-04-17,174474021.2527196
2024-04-18,174508961.01191399
2024-04-19,174399762.24588892
2024-04-22,174913253.53258082
2024-04-23,175249045.97174263
2024-04-24,175685530.1976607
2024-04-25,175813895.2059697
2024-04-26,175946017.11723077
2024-04-29,176118386.89252433
2024-04-30,176167420.53507385
2024-05-01,176156282.58466563
2024-05-02,176147007.55804002
2024-05-03,175940071.37695205
2024-05-06,175647412.05653575
2024-05-07,175239123.76135105
2024-05-08,175409983.4999388
2024-05-09,174599491.2818795
2024-05-10,174797284.54236478
2024-05-13,174716973.9571664
2024-05-14,175262845.932526
2024-05-15,175312322.76386878
2024-05-16,175449606.60555154
2024-05-17,175690007.8911006
2024-05-20,175854135.24566406
2024-05-21,175952012.4659346
2024-05-22,175978377.60629392
2024-05-23,175904913.87104678
2024-05-24,175801930.9822777
2024-05-27,175836678.13339818
2024-05-28,175615348.60746378
2024-05-29,175584784.02859142
2024-05-30,175231029.62953272
2024-05-31,175112064.94644785
2024-06-03,175325603.80525994
2024-06-04,173594191.10775638
2024-06-05,174441597.53271046
2024-06-06,175080635.18537125
2024-06-07,175772881.58566687
2024-06-10,176259944.9028458
2024-06-11,176617401.61597165
2024-06-12,176996085.22596008
2024-06-13,177395705.98297894
2024-06-14,177625495.85558638
2024-06-17,177708131.69540167
2024-06-18,177787743.84115764
2024-06-19,177850942.7619298
2024-06-20,178351080.98492423
2024-06-21,178423951.8574244
2024-06-24,178737614.63608137
2024-06-25,178821292.7074585
2024-06-26,178920385.26714945
2024-06-27,178676521.6776663
2024-06-28,178937651.69450122
2024-07-01,179632393.58551344
2024-07-02,179923049.51531112
2024-07-03,180314789.339391
2024-07-04,180626462.64841458
2024-07-05,180995126.6232426
2024-07-08,181014471.55407503
2024-07-09,182812753.38194755
2024-07-10,182425411.8487539
2024-07-11,182577903.31601903
2024-07-12,182508368.9489501
2024-07-15,182583784.27878726
2024-07-16,182743811.51065516
2024-07-17,182638684.8554729
2024-07-18,182529503.13987428
2024-07-19,181646776.38267526
2024-07-22,181824669.34018803
2024-07-23,181898717.18952546
2024-07-24,182736997.57675105
2024-07-25,183149333.38266978
2024-07-26,183794685.35533705
2024-07-29,184159952.83394548
2024-07-30,184598628.37554398
2024-07-31,184858219.36263207
2024-08-01,184583993.24043876
2024-08-02,184415349.6512843
2024-08-05,182519973.19795352
2024-08-06,182608277.37862912
2024-08-07,183621731.8390835
2024-08-08,183442805.10786784
2024-08-09,183687879.0139039
2024-08-12,183739951.0557546
2024-08-13,183144699.8953981
2024-08-14,182718730.25200886
2024-08-15,182979187.87205362
2024-08-16,183197531.9064908
2024-08-19,183985730.07715437
2024-08-20,184499405.9229742
2024-08-21,185330208.32313547
2024-08-22,185963330.27824083
2024-08-23,186346395.52473754
2024-08-26,186790426.8284102
2024-08-27,187273554.26903853
2024-08-28,187434440.72120458
2024-08-29,187318260.88353842
2024-08-30,187626486.76399872
2024-09-02,187844228.1988339
2024-09-03,188286911.6319301
2024-09-04,188553041.61980844
2024-09-05,189100112.37388724
2024-09-06,189101392.6263053
2024-09-09,189167555.39759636
2024-09-10,190292217.31361666
2024-09-11,190249604.4848456
2024-09-12,190641836.91597664
2024-09-13,191256614.71498477
2024-09-16,191717038.46787772
2024-09-17,191685050.87170804
2024-09-18,191543112.75434202
2024-09-19,191033461.0361169
2024-09-20,191592427.31893
2024-09-23,192112570.40755412
2024-09-24,192420706.0797411
2024-09-25,192552916.99246252
2024-09-26,192637142.14488375
2024-09-27,192974149.2783168
2024-09-30,193314010.55793878
2024-10-01,194132447.0227659
2024-10-02,193974471.07936624
2024-10-03,193811279.83740708
2024-10-04,193970950.06642574
2024-10-07,191744444.7201637
2024-10-08,192564080.14304823
2024-10-09,193543203.59954193
2024-10-10,194314504.4668245
2024-10-11,194999210.0867223
2024-10-14,195530284.45797783
2024-10-15,196104309.5259233
2024-10-16,196782514.6092761
2024-10-17,195840053.19906875
2024-10-18,195351034.84604096
2024-10-21,194255971.23417795
2024-10-22,192118631.25149396
2024-10-23,192038522.05717632
2024-10-24,191340437.70301703
2024-10-25,189980868.78869534
2024-10-28,190185996.563009
2024-10-29,190063072.99956605
2024-10-30,191359556.0710137
2024-10-31,192309564.40660998
2024-11-01,193490712.35197607
2024-11-04,193425599.00759727
2024-11-05,194290933.9076174
2024-11-06,195548343.60191444
2024-11-07,196043315.58667994
2024-11-08,196177059.3107007
2024-11-11,196116566.6236879
2024-11-12,195897608.57188112
2024-11-13,194926166.09056967
2024-11-14,195489192.1594874
2024-11-15,195657875.78956285
2024-11-18,195829290.71050286
2024-11-19,196768200.42000404
2024-11-20,196892879.61173737
2024-11-21,197040275.81592968
2024-11-22,197982190.12824118
2024-11-25,199181966.65352187
2024-11-26,200227409.08352882
2024-11-27,201413427.60768574
2024-11-28,200752605.661835
2024-11-29,200315059.6804149
2024-12-02,200206764.49460906
2024-12-03,200148033.9696371
2024-12-04,199998916.60088724
2024-12-05,199649040.29859823
2024-12-06,199667524.6306592
2024-12-09,199640019.53942904
2024-12-10,199284673.90399873
2024-12-11,199952527.06859237
2024-12-12,200093186.6908267
2024-12-13,200734984.06514823
2024-12-16,201602508.84647784
2024-12-17,202153793.55816317
2024-12-18,202429168.4455771
2024-12-19,201823232.86589348
2024-12-20,200471685.94833672
2024-12-23,200179720.6742643
2024-12-24,200330756.9550329
2024-12-26,200099601.23726434
2024-12-27,200187462.31677812
2024-12-30,199694394.07549956
2024-12-31,200107398.50195938
2025-01-01,200639693.79053956
